T,TM,Tm,SLP,H,VV,V,VM,PM 2.5

7.4,9.8,4.8,1017.6,93.0,0.5,4.3,9.4,219.72083333333333

7.8,12.7,4.4,1018.5,87.0,0.6,4.4,11.1,182.1875

6.7,13.4,2.4,1019.4,82.0,0.6,4.8,11.1,154.03750000000005

8.6,15.5,3.3,1018.7,72.0,0.8,8.1,20.6,223.20833333333331

12.4,20.9,4.4,1017.3,61.0,1.3,8.7,22.2,200.64583333333337

16.0,25.2,10.0,1013.2,79.0,0.6,4.8,11.1,285.225

13.4,21.0,9.2,1015.1,87.0,0.5,1.5,7.6,236.825

14.3,22.6,6.6,1016.3,76.0,0.8,0.4,3.5,276.90833333333336

12.7,18.9,7.3,1021.2,76.0,1.8,6.1,16.5,108.0

11.9,18.9,6.3,1020.1,76.0,1.1,8.3,20.6,107.625

12.2,19.9,6.2,1021.0,69.0,2.1,4.4,18.3,125.89166666666668

13.4,21.1,5.6,1020.0,60.0,1.9,8.0,22.2,181.01250000000005

12.3,21.4,6.4,1019.6,70.0,1.9,6.7,14.8,152.55416666666667

13.7,22.0,7.0,1018.2,63.0,1.8,7.2,18.3,152.32083333333338

14.9,21.9,7.1,1018.3,73.0,0.6,2.0,7.6,319.7375

15.0,24.0,7.6,1017.4,81.0,0.6,2.2,7.6,332.7083333333333

16.3,24.0,12.0,1017.2,80.0,0.8,1.3,9.4,279.6

18.7,26.3,9.5,1015.3,64.0,1.6,1.7,7.6,179.11666666666667

14.6,21.6,9.4,1018.4,72.0,2.7,9.4,18.3,54.79166666666666

14.7,21.7,8.4,1017.1,71.0,1.8,10.9,22.2,93.375

14.8,22.6,8.5,1016.8,67.0,2.1,9.3,18.3,103.0

17.4,25.4,10.3,1015.8,63.0,1.9,6.7,14.8,132.20833333333334

18.1,26.7,10.2,1013.8,61.0,2.6,5.0,11.1,127.70833333333331

18.3,23.2,12.7,1011.2,75.0,1.9,10.0,22.2,109.33333333333331

16.4,22.0,11.2,1015.5,81.0,1.6,5.9,18.3,56.45833333333334

16.9,23.5,10.1,1016.8,80.0,1.3,5.2,22.2,135.83333333333334

19.3,26.9,12.1,1015.6,74.0,1.6,5.9,11.1,122.5

17.2,24.2,10.8,1018.3,74.0,2.6,4.6,14.8,69.66666666666667

17.7,26.5,9.8,1015.3,73.0,1.4,4.8,14.8,79.83333333333333

20.4,28.4,15.2,1014.7,62.0,2.4,5.0,14.8,62.70833333333334

18.2,26.1,12.2,1016.3,54.0,1.9,24.4,33.5,21.20833333333333

19.0,26.8,11.7,1016.3,58.0,2.6,16.7,29.4,1.9166666666666667

18.7,27.8,13.3,1016.2,69.0,2.4,7.4,25.9,1.8333333333333333

22.6,30.6,15.7,1015.4,62.0,2.6,8.1,20.6,105.83333333333331

22.5,31.8,13.7,1014.6,57.0,2.3,5.9,14.8,117.58333333333331

24.0,33.8,13.6,1009.7,53.0,1.9,4.6,18.3,122.70833333333331

23.8,33.0,14.9,1010.4,64.0,1.9,3.9,11.1,111.95833333333331

22.6,33.0,18.1,1013.1,67.0,2.1,11.3,22.2,59.20833333333334

23.0,30.0,14.4,1016.1,55.0,2.7,6.7,14.8,77.20833333333333

24.6,31.7,17.9,1008.5,68.0,2.3,14.1,27.8,98.70833333333331

27.1,34.8,17.7,1009.7,52.0,1.6,6.1,11.1,123.70833333333331

26.1,34.8,17.9,1008.8,54.0,2.6,11.9,18.3,64.79166666666667

23.6,34.3,17.7,1010.4,51.0,2.6,15.9,22.2,52.33333333333334

23.2,29.6,16.7,1008.6,54.0,1.9,13.1,22.2,52.04166666666666

23.8,30.9,16.7,1009.0,52.0,1.6,6.5,13.0,128.33333333333334

24.7,31.5,17.0,1008.6,57.0,2.1,7.6,14.8,0.0

25.6,33.8,17.9,1008.7,47.0,2.1,4.4,13.0,23.20833333333333

25.7,36.0,17.8,1009.0,50.0,1.8,9.3,14.8,15.166666666666664

25.1,36.0,18.3,1009.5,56.0,2.7,9.1,18.3,21.25

29.5,37.0,18.5,1005.2,30.0,1.9,10.6,22.2,81.83333333333333

29.2,37.5,20.0,1006.1,38.0,2.6,5.9,14.8,105.33333333333331

31.1,37.8,21.7,1005.6,34.0,1.8,8.1,27.8,117.75

29.8,36.6,21.4,1007.8,37.0,1.9,8.1,18.3,84.5

28.2,36.6,21.9,1007.1,45.0,1.9,6.5,16.5,46.91666666666666

28.3,36.4,20.1,1004.0,47.0,1.9,6.3,14.8,104.625

29.3,37.9,20.3,1002.9,35.0,2.3,4.4,11.1,110.875

30.5,38.6,20.7,1003.4,36.0,1.9,7.6,14.8,42.95833333333334

28.0,38.6,23.8,1007.3,48.0,2.3,15.6,25.9,0.0

31.1,38.5,23.2,1007.7,45.0,1.9,3.7,7.6,120.875

29.9,38.5,24.3,1008.3,53.0,1.9,6.7,22.2,79.91666666666667

31.4,37.8,22.0,1006.9,38.0,2.3,13.7,22.2,0.0

31.4,39.2,22.8,1002.9,24.0,1.9,11.5,25.9,94.75

29.9,38.8,21.7,1000.8,29.0,1.9,12.0,24.1,142.5

29.7,38.3,21.6,999.3,35.0,1.9,10.2,22.2,133.375

32.8,40.8,25.3,1002.0,36.0,1.8,7.2,24.1,147.83333333333334

34.1,42.0,23.7,1001.4,29.0,1.9,9.3,18.3,158.29166666666666

34.1,42.0,26.8,1000.8,32.0,1.9,7.8,14.8,149.58333333333334

30.9,37.6,23.2,1003.7,44.0,1.9,3.5,11.1,101.5

32.9,39.8,24.7,1001.0,38.0,1.9,5.6,13.0,106.5

30.6,37.4,24.8,1000.8,47.0,1.9,2.2,7.6,128.125

36.2,44.6,25.9,999.2,29.0,1.9,15.0,27.8,101.95833333333331

36.2,44.6,29.2,999.1,32.0,1.9,10.6,18.3,98.41666666666669

36.8,45.1,28.0,999.1,26.0,1.9,12.0,25.9,94.375

37.7,45.0,30.5,998.1,32.0,1.9,10.0,22.2,107.625

36.2,43.6,29.3,998.4,32.0,2.3,8.1,20.6,110.41666666666669

35.6,42.6,30.2,999.3,41.0,1.9,8.1,20.6,95.83333333333331

33.6,40.6,24.8,998.8,47.0,1.9,10.6,18.3,72.25

31.9,40.6,26.7,1002.0,61.0,1.9,13.5,20.6,38.66666666666666

32.4,38.5,26.6,1001.0,63.0,2.3,13.3,22.2,45.375

34.1,40.3,28.8,999.7,59.0,1.9,10.9,16.5,65.16666666666667

34.1,43.2,25.7,997.9,57.0,1.9,7.4,14.8,66.08333333333333

34.2,39.8,29.1,996.7,64.0,1.9,13.7,18.3,77.66666666666667

35.1,40.2,30.2,995.2,52.0,1.9,8.5,14.8,70.25

30.3,39.2,28.8,998.6,75.0,1.9,10.2,22.2,56.29166666666666

30.4,38.6,27.8,997.7,73.0,1.9,8.0,22.2,77.0

29.8,38.6,24.6,997.9,71.0,2.3,12.6,16.5,32.958333333333336

29.7,35.5,24.8,999.0,76.0,1.9,4.3,14.8,80.625

33.0,38.4,25.3,997.6,58.0,1.8,4.8,13.0,90.70833333333331

35.6,41.0,27.3,995.5,49.0,1.9,7.4,18.3,97.29166666666669

31.0,39.4,27.8,999.2,74.0,1.9,11.5,18.3,50.70833333333334

31.2,35.7,27.2,998.4,75.0,1.9,6.3,14.8,40.375

31.2,37.1,27.6,996.8,71.0,1.9,8.1,20.6,49.41666666666666

33.9,39.2,27.8,995.2,62.0,1.9,8.9,14.8,61.875

32.8,37.6,28.4,995.8,67.0,1.9,9.3,18.3,0.0

31.6,37.6,26.9,997.5,76.0,1.9,6.5,11.1,29.66666666666667

31.1,35.0,27.9,1000.1,81.0,1.9,7.2,11.1,49.125

30.3,35.8,27.2,997.5,78.0,1.9,7.6,14.8,43.66666666666666

29.2,35.4,24.6,996.4,81.0,1.8,7.4,14.8,29.83333333333333

31.8,36.7,25.8,998.8,75.0,1.9,8.3,14.8,35.208333333333336

31.1,37.2,28.2,997.5,76.0,1.9,3.9,11.1,37.625

31.7,37.2,26.8,998.3,78.0,1.9,7.8,11.1,41.458333333333336

30.9,35.4,25.8,995.0,77.0,1.9,10.4,18.3,38.583333333333336

26.8,35.4,24.2,999.0,93.0,1.1,6.3,14.8,36.0

29.1,33.8,23.9,996.3,86.0,1.4,2.6,55.4,70.58333333333333

28.5,34.4,26.3,995.5,87.0,1.6,7.0,14.8,33.166666666666664

30.4,35.1,24.8,995.2,77.0,1.9,5.2,14.8,38.25

30.0,35.5,26.2,997.5,83.0,1.9,3.7,11.1,26.58333333333333

29.0,33.7,26.9,996.5,82.0,1.9,9.8,14.8,15.416666666666664

31.1,34.9,25.9,998.2,76.0,1.9,6.7,11.1,41.375

31.8,36.0,27.5,999.6,71.0,1.9,11.7,18.3,25.54166666666667

32.2,36.1,27.4,1000.8,69.0,1.9,9.3,14.8,28.375

28.4,30.6,25.3,1001.8,88.0,1.4,3.1,7.6,50.33333333333334

28.1,30.8,25.8,1000.6,88.0,1.9,8.0,18.3,35.375

27.4,30.8,25.4,1000.8,90.0,1.9,3.1,9.4,31.91666666666667

30.1,34.6,27.2,1000.0,79.0,1.9,10.2,18.3,35.291666666666664

29.7,34.9,26.1,1000.3,79.0,1.9,8.3,18.3,26.83333333333333

27.7,30.7,24.8,1001.8,88.0,1.9,7.2,14.8,21.125

28.4,33.1,26.0,1000.0,86.0,1.9,5.0,18.3,35.708333333333336

27.4,33.5,24.4,999.1,90.0,1.1,5.4,18.3,43.58333333333334

29.2,34.4,24.8,999.0,81.0,2.1,7.8,29.4,46.04166666666666

30.4,36.5,27.8,999.3,82.0,1.4,2.0,7.6,82.875

32.1,36.7,26.8,998.1,74.0,1.9,6.5,14.8,64.91666666666667

32.0,35.5,27.6,999.8,65.0,2.6,16.9,29.4,30.66666666666667

29.1,34.2,25.9,1003.4,76.0,1.9,5.6,9.4,34.416666666666664

30.2,35.6,25.6,1003.6,68.0,3.1,14.8,22.2,33.166666666666664

31.7,35.9,27.0,1003.6,59.0,2.6,14.4,22.2,30.625

31.6,36.3,25.9,1002.7,58.0,2.7,15.4,25.9,30.33333333333333

30.9,35.6,25.0,1004.8,58.0,2.3,6.9,14.8,0.0

29.6,34.2,25.8,1007.3,67.0,1.9,6.3,14.8,0.0

29.3,35.0,24.1,1007.6,70.0,1.9,4.3,11.1,0.0

30.6,36.0,25.8,1007.2,74.0,1.6,2.8,7.6,76.875

31.2,36.4,25.8,1004.4,69.0,1.9,2.0,7.6,83.45833333333333

31.6,36.8,25.9,1001.5,63.0,2.4,3.9,11.1,71.66666666666667

29.9,36.2,23.4,1002.5,66.0,1.9,1.9,7.6,69.70833333333333

28.7,34.1,25.2,1002.9,76.0,1.9,9.6,51.9,62.375

26.3,34.1,24.0,1003.4,87.0,1.9,6.1,11.1,24.875

28.6,35.6,25.3,1005.4,79.0,2.6,5.7,13.0,43.95833333333334

28.6,34.5,24.0,1006.7,81.0,1.9,3.9,9.4,41.5

29.0,34.2,24.3,1005.8,76.0,1.9,7.4,20.6,38.79166666666666

29.1,34.0,23.8,1007.8,72.0,1.9,6.5,13.0,30.33333333333333

28.9,34.9,25.6,1009.5,68.0,2.6,7.6,13.0,26.66666666666667

27.9,33.7,23.2,1008.4,67.0,2.6,10.0,14.8,29.0

29.4,34.5,24.3,1009.1,73.0,1.8,1.3,3.5,61.70833333333334

30.1,34.5,24.8,1010.0,72.0,1.8,1.5,7.6,60.54166666666666

30.1,35.6,24.8,1010.5,72.0,2.1,4.6,11.1,41.583333333333336

27.4,33.1,22.8,1008.0,85.0,1.6,0.4,3.5,80.04166666666667

27.5,32.5,23.0,1007.1,80.0,1.8,6.1,18.3,82.83333333333333

26.6,32.6,21.1,1008.8,76.0,1.6,3.3,11.1,95.25

25.6,33.2,19.5,1011.5,67.0,1.4,3.7,14.8,126.16666666666669

25.0,32.8,17.6,1010.8,69.0,1.4,1.1,5.4,136.70833333333334

24.8,32.3,17.3,1009.7,68.0,1.4,1.5,7.6,160.66666666666666

24.1,30.0,17.5,1011.2,74.0,1.0,1.5,9.4,245.66666666666663

24.3,31.4,18.5,1011.2,72.0,1.1,0.4,3.5,261.6666666666667

23.0,31.0,18.0,1010.6,71.0,0.8,2.6,9.4,272.4166666666667

24.1,30.1,16.7,1014.0,62.0,1.4,3.3,11.1,149.625

23.8,30.5,18.4,1013.5,71.0,1.6,1.3,3.5,99.70833333333331

22.4,28.6,16.3,1014.6,67.0,1.0,5.4,11.1,217.375

20.9,28.1,13.6,1016.0,59.0,0.8,6.3,18.3,309.375

20.1,27.1,14.0,1015.5,78.0,0.6,3.9,11.1,321.5416666666667

18.9,27.1,14.5,1015.2,80.0,0.6,1.3,7.6,278.0

19.1,25.6,12.4,1016.6,79.0,0.8,0.4,3.5,192.33333333333331

17.8,26.2,11.0,1014.3,68.0,1.0,3.0,11.1,224.16666666666663

17.6,25.6,11.2,1015.2,68.0,1.1,3.5,14.8,196.75

17.0,26.6,10.0,1016.5,70.0,1.1,0.9,7.6,221.54166666666663

17.8,26.9,11.4,1015.4,67.0,1.4,7.2,20.6,166.70833333333334

18.2,28.1,10.4,1012.6,61.0,1.8,2.6,11.1,130.70833333333334

18.0,28.5,10.2,1013.2,68.0,1.1,2.0,11.1,194.70833333333331

21.1,28.8,13.8,1012.8,57.0,1.6,9.4,22.2,134.45833333333334

21.3,28.8,15.0,1011.9,58.0,1.9,9.6,16.5,110.0

19.0,28.8,12.5,1014.7,72.0,1.6,2.8,9.4,160.0

18.1,28.0,10.0,1016.1,66.0,1.4,1.7,7.6,118.91666666666669

17.2,28.4,9.8,1015.8,73.0,1.1,1.9,11.1,176.375

17.4,28.4,9.2,1016.6,74.0,1.1,1.5,11.1,185.95833333333331

16.0,26.1,9.1,1014.4,81.0,1.0,1.1,5.4,239.125

16.2,25.3,9.5,1013.4,81.0,0.8,2.2,14.8,312.2083333333333

16.5,24.5,10.8,1012.2,74.0,1.6,10.2,22.2,121.33333333333331

15.4,24.9,8.2,1012.8,82.0,1.0,0.7,3.5,202.875

15.5,24.9,9.4,1015.1,88.0,0.6,2.6,7.6,260.1666666666667

16.3,22.4,10.8,1012.8,91.0,0.6,3.1,11.1,277.7083333333333

15.4,19.7,11.6,1016.0,93.0,0.6,4.4,9.4,284.1666666666667

14.6,15.9,12.5,1016.9,95.0,0.5,0.4,3.5,288.4166666666667

13.6,20.4,7.5,1020.7,67.0,1.1,10.2,40.7,166.91666666666666

12.3,20.6,6.2,1019.4,71.0,1.3,4.4,18.3,169.0

11.9,17.1,6.5,1018.6,84.0,1.1,1.1,5.4,186.04166666666663

14.3,19.2,10.9,1020.5,91.0,1.6,4.8,11.1,nan

13.2,18.2,9.2,1021.0,92.0,0.8,7.6,11.1,255.875

11.1,18.3,5.0,1020.2,80.0,1.1,8.0,14.8,217.08333333333331

12.7,19.8,5.2,1017.9,78.0,1.3,5.4,14.8,229.16666666666663

11.9,20.7,4.4,1017.9,78.0,0.8,1.9,7.6,264.9166666666667

11.7,20.7,6.5,1017.3,89.0,0.3,0.9,7.6,404.5

13.9,21.6,7.0,1019.6,74.0,0.8,1.1,9.4,188.5

14.9,22.1,8.9,1017.2,78.0,1.0,2.8,7.6,164.75

12.0,22.1,9.6,1019.7,95.0,0.3,0.4,3.5,376.91666666666674

14.5,21.0,8.6,1023.2,88.0,1.3,3.5,7.6,0.0

14.6,22.3,9.0,1021.2,86.0,1.0,4.4,9.4,0.0

13.4,22.3,11.5,1020.6,98.0,1.4,6.9,13.0,57.0

11.7,18.2,9.4,1019.9,96.0,0.5,8.3,11.1,202.91666666666663

14.3,20.3,9.9,1019.1,88.0,0.6,8.9,14.8,205.125

16.6,24.0,10.1,1018.8,75.0,1.3,10.0,14.8,214.125

14.8,21.1,10.0,1019.3,86.0,0.5,3.0,11.1,315.7916666666667

13.9,21.1,10.8,1019.8,83.0,0.8,2.6,7.6,322.25

15.3,24.4,6.8,1016.9,79.0,0.6,1.9,7.6,246.04166666666663

18.6,27.8,8.9,1014.4,65.0,1.3,5.6,57.6,200.91666666666663

19.7,26.4,15.1,1009.3,72.0,1.6,15.0,29.4,99.5

13.8,26.4,9.6,1011.3,88.0,1.0,8.1,14.8,143.91666666666666

12.7,19.5,7.0,1012.0,66.0,1.4,9.3,25.9,100.25

15.3,22.6,5.6,1013.6,67.0,1.6,4.8,11.1,165.0

13.1,22.6,11.0,1011.8,97.0,1.1,5.4,11.1,116.45833333333331

12.6,17.7,9.2,1012.6,91.0,0.6,3.9,7.6,143.0

15.1,23.3,7.1,1016.7,77.0,0.8,1.9,7.6,231.125

16.1,24.5,8.2,1014.8,80.0,0.6,1.9,9.4,218.66666666666663

17.2,24.6,9.0,1014.2,75.0,1.4,8.9,14.8,211.0

17.9,25.2,10.3,1017.4,70.0,1.1,0.9,7.6,52.20833333333334

18.9,26.2,12.5,1014.4,72.0,1.3,2.4,9.4,187.5

18.6,25.3,13.0,1013.3,80.0,1.1,7.2,22.2,130.16666666666666

16.3,21.3,12.0,1015.1,90.0,1.1,4.3,13.0,123.125

16.1,21.8,10.0,1017.1,82.0,1.3,5.7,11.1,120.91666666666669

17.8,25.7,10.5,1016.3,67.0,2.1,3.7,11.1,153.625

18.4,25.9,11.0,1017.0,65.0,2.3,6.7,14.8,130.33333333333334

19.8,27.1,12.8,1017.2,66.0,2.6,9.8,24.1,110.70833333333331

22.3,29.0,14.0,1014.6,61.0,2.3,5.0,13.0,138.5

18.9,27.1,12.8,1016.1,65.0,2.6,9.8,18.3,75.75

19.7,27.6,12.0,1015.2,66.0,1.9,5.7,13.0,146.54166666666666

21.4,29.7,12.6,1016.4,65.0,1.4,2.8,9.4,116.625

21.7,28.4,16.2,1013.1,61.0,2.3,10.2,22.2,80.04166666666667

21.5,29.2,15.0,1010.8,59.0,2.6,7.4,18.3,100.04166666666669

22.4,32.5,14.5,1007.2,68.0,2.1,5.4,11.1,109.45833333333331

24.6,32.7,16.5,1010.6,64.0,1.8,2.8,11.1,110.16666666666669

25.2,32.7,19.1,1010.7,64.0,1.9,2.8,11.1,108.20833333333331

23.4,29.1,19.6,1011.7,69.0,1.9,4.8,9.4,103.83333333333331

24.2,30.8,17.0,1008.2,48.0,1.9,13.1,22.2,74.29166666666667

24.9,33.2,16.8,1006.2,49.0,2.6,9.6,25.9,101.79166666666669

26.8,35.2,17.7,1005.7,50.0,1.9,7.2,14.8,106.16666666666669

25.1,35.2,18.0,1010.4,53.0,2.1,10.4,25.9,89.875

27.2,38.0,21.0,1009.7,55.0,1.9,13.0,18.3,48.20833333333334

25.8,32.2,19.5,1010.3,49.0,2.6,12.6,18.3,47.04166666666666

25.7,32.8,17.5,1010.3,41.0,2.6,12.8,25.9,67.79166666666667

27.0,37.2,22.6,1009.8,49.0,1.9,15.6,27.8,56.66666666666666

27.7,34.5,21.5,1010.6,55.0,1.9,5.2,13.0,79.0

29.1,36.5,20.5,1009.2,53.0,1.8,2.6,11.1,123.58333333333331

25.6,32.3,20.0,1011.4,64.0,1.9,5.0,14.8,80.29166666666667

26.8,33.6,19.2,1010.5,53.0,1.6,4.6,11.1,137.875

28.1,35.8,18.6,1010.0,40.0,1.9,8.7,16.5,87.875

30.5,38.8,20.6,1006.0,41.0,2.4,8.1,22.2,121.20833333333331

31.5,38.8,22.1,1006.2,39.0,2.4,8.1,16.5,97.04166666666669

30.6,38.7,21.5,1007.0,36.0,1.9,8.3,18.3,92.08333333333331

34.8,42.8,24.2,1001.7,30.0,2.3,9.6,18.3,130.625

34.5,41.7,26.2,1001.8,33.0,1.9,6.5,11.1,90.5

31.8,41.7,26.2,1003.7,43.0,1.9,7.4,18.3,55.41666666666666

31.8,38.6,24.2,1004.3,54.0,1.9,1.9,7.6,108.33333333333331

32.2,39.5,25.2,1002.1,45.0,1.6,9.3,16.5,198.875

30.7,39.5,21.4,1000.5,43.0,1.6,6.5,14.8,120.70833333333331

25.2,30.6,18.0,1008.2,71.0,2.6,10.0,20.6,60.54166666666666

26.9,32.1,19.0,1006.6,62.0,1.8,8.5,18.3,79.0

29.7,35.4,23.0,1004.1,48.0,1.8,11.1,16.5,133.70833333333334

32.3,39.1,24.0,1006.6,36.0,2.3,11.7,24.1,53.25

31.9,38.8,26.5,1006.0,39.0,2.3,8.7,22.2,65.16666666666667

32.8,38.6,24.8,1002.3,40.0,1.9,9.6,18.3,83.58333333333333

32.4,40.6,23.2,1005.2,45.0,2.7,8.9,14.8,40.66666666666666

30.0,36.4,21.4,1007.2,60.0,2.6,4.1,14.8,48.125

31.8,38.8,24.0,1004.8,54.0,1.9,2.6,7.6,103.16666666666669

34.6,42.8,25.0,999.6,46.0,1.8,6.3,18.3,143.375

32.9,41.6,25.6,1003.0,44.0,2.9,17.4,55.4,44.79166666666666

32.8,39.9,25.0,1003.3,48.0,2.6,4.6,14.8,71.95833333333333

34.8,41.7,26.5,1000.0,40.0,2.6,6.5,14.8,17.5

38.5,44.9,30.8,994.0,31.0,1.9,13.1,29.4,101.0

37.8,45.1,28.6,993.3,34.0,1.9,6.7,18.3,76.20833333333333

37.9,45.5,30.1,993.1,38.0,1.9,5.9,16.5,84.33333333333333

30.3,41.1,22.7,997.7,62.0,2.6,16.7,29.4,48.83333333333334

30.5,37.1,25.5,997.3,73.0,2.6,6.5,22.2,64.45833333333333

33.9,40.6,28.0,997.0,59.0,2.1,8.1,25.9,80.54166666666667

35.6,41.4,28.4,993.2,55.0,1.9,10.9,18.3,65.41666666666667

37.9,43.0,31.0,991.5,44.0,2.3,17.8,25.9,54.66666666666666

36.9,41.7,32.7,994.0,49.0,1.9,9.8,24.1,78.54166666666667

33.3,39.0,25.3,997.7,56.0,1.9,9.8,16.5,49.125

32.4,38.1,23.5,1000.8,66.0,1.9,3.3,7.6,65.875

34.7,39.9,28.8,1001.5,55.0,1.9,9.4,22.2,72.41666666666667

31.2,35.2,27.0,1000.9,71.0,1.9,6.3,11.1,184.66666666666663

29.5,36.6,25.5,1000.9,76.0,1.8,5.7,14.8,113.33333333333331

28.9,36.6,26.1,998.4,80.0,1.9,5.2,14.8,146.20833333333334

34.0,38.8,26.8,998.1,55.0,1.9,5.6,14.8,112.29166666666669

34.9,40.3,28.6,996.8,48.0,1.9,9.6,25.9,60.625

35.9,40.5,29.6,996.3,46.0,1.9,13.7,27.8,71.0

33.3,42.3,29.2,997.8,69.0,1.9,5.2,9.4,153.41666666666666

32.4,40.2,25.9,997.2,74.0,1.9,6.7,14.8,134.95833333333334

33.2,39.0,28.5,996.2,68.0,1.9,8.9,11.1,81.125

29.8,33.6,25.4,995.1,76.0,1.9,6.3,18.3,52.25

30.8,34.6,26.5,996.6,74.0,1.9,6.3,14.8,160.375

32.1,35.8,27.2,996.1,71.0,1.9,4.6,9.4,99.375

30.7,33.9,26.5,1000.8,70.0,1.9,10.0,14.8,31.45833333333333

32.5,37.5,27.6,1001.9,67.0,1.9,7.2,18.3,47.375

31.7,37.5,28.1,1002.1,71.0,1.9,2.4,33.5,38.16666666666666

32.5,36.5,28.2,999.9,71.0,1.9,7.8,16.5,35.958333333333336

33.3,37.7,28.1,998.0,66.0,1.9,6.5,9.4,25.08333333333333

30.3,35.3,28.4,996.9,81.0,1.9,0.9,7.6,45.83333333333334

31.4,36.6,27.0,995.3,72.0,1.9,5.7,13.0,33.708333333333336

31.0,34.0,29.0,996.8,71.0,1.9,5.6,16.5,26.41666666666667

30.9,35.0,27.6,998.4,73.0,1.9,5.9,14.8,30.66666666666667

30.9,35.4,27.0,1000.3,75.0,1.9,4.8,16.5,29.95833333333333

32.0,36.6,27.0,998.1,63.0,2.3,20.7,27.8,23.875

30.5,36.2,25.4,997.3,65.0,2.3,18.5,29.4,22.33333333333333

31.2,35.7,27.6,999.0,62.0,1.9,14.6,27.8,25.08333333333333

33.0,37.0,27.0,1004.8,59.0,1.9,6.9,16.5,66.79166666666667

33.3,38.4,28.0,1002.5,54.0,1.9,8.9,18.3,64.875

32.6,38.4,28.0,1001.3,51.0,1.9,10.9,27.8,47.58333333333334

33.7,39.1,27.5,1002.6,53.0,2.7,7.8,16.5,33.5

34.1,39.4,29.0,1001.5,49.0,3.1,10.0,18.3,43.04166666666666

34.1,39.4,27.5,1001.1,53.0,2.9,8.0,20.6,38.41666666666666

27.5,34.8,25.0,1001.0,89.0,1.9,4.3,16.5,49.29166666666666

29.5,35.3,24.6,1001.1,71.0,2.3,10.9,48.2,19.541666666666668

29.4,35.3,26.3,1001.7,76.0,2.6,10.4,20.6,22.83333333333333

28.5,33.2,26.0,1001.3,82.0,1.9,15.0,25.9,24.29166666666667

30.9,34.7,25.7,1003.5,73.0,1.9,1.3,5.4,74.66666666666667

31.2,36.0,26.4,1003.3,72.0,1.9,3.5,13.0,41.875

30.8,36.0,26.8,1002.5,76.0,1.9,1.9,11.1,50.58333333333334

29.3,34.1,23.5,1004.1,73.0,1.8,4.3,11.1,58.125

29.0,34.8,24.6,1004.3,71.0,1.9,6.7,14.8,57.29166666666666

29.8,34.9,22.5,1004.2,68.0,2.6,6.7,18.3,38.25

31.0,36.3,25.3,1003.5,62.0,3.1,4.3,14.8,47.41666666666666

31.0,36.3,26.0,1002.8,61.0,2.3,4.4,11.1,56.91666666666666

30.4,36.2,25.2,1003.6,61.0,2.6,5.6,14.8,54.625

30.0,35.8,24.2,1007.7,58.0,2.6,9.6,18.3,45.95833333333334

30.1,35.7,24.0,1008.1,57.0,2.4,5.7,16.5,52.25

30.7,36.3,25.4,1009.2,54.0,3.1,8.9,16.5,43.33333333333334

31.0,36.9,24.3,1010.1,54.0,3.1,3.1,11.1,41.958333333333336

30.3,36.9,24.6,1009.1,58.0,2.6,2.8,9.4,0.0

30.7,37.0,24.4,1008.1,57.0,2.7,2.0,14.8,0.0

30.9,37.2,24.5,1008.3,65.0,1.6,1.1,5.4,45.75

29.6,35.2,24.9,1009.9,59.0,1.9,3.0,20.6,70.70833333333333

27.6,34.6,22.2,1010.0,56.0,2.3,3.3,11.1,51.79166666666666

27.6,34.5,18.6,1009.8,66.0,1.8,8.7,14.8,0.0

24.4,33.6,21.4,1011.0,75.0,1.9,5.4,14.8,11.583333333333336

24.5,30.4,19.6,1014.8,73.0,2.1,3.1,7.6,13.0

23.8,31.5,16.5,1012.5,61.0,1.4,4.3,11.1,156.25

24.7,32.3,16.6,1013.3,60.0,1.8,4.4,14.8,156.0

25.4,33.3,18.0,1014.5,60.0,1.4,2.0,5.4,151.79166666666666

25.4,33.1,18.6,1012.3,71.0,1.0,0.9,3.5,252.625

25.1,32.3,19.4,1014.9,69.0,1.4,2.0,9.4,119.41666666666669

24.9,32.6,19.5,1013.7,67.0,1.4,1.9,9.4,126.0

23.2,32.1,16.0,1013.7,62.0,1.0,3.7,11.1,232.33333333333331

22.5,29.3,16.6,1014.0,57.0,1.3,5.4,11.1,215.54166666666663

22.7,31.1,15.8,1014.5,54.0,1.4,7.2,20.6,239.41666666666663

23.4,31.2,15.0,1013.4,58.0,1.1,4.1,14.8,196.54166666666663

23.9,31.7,16.6,1012.9,69.0,1.0,2.4,11.1,232.54166666666663

24.0,32.1,17.1,1014.6,69.0,1.3,1.7,9.4,185.5

24.2,31.6,17.2,1015.3,62.0,1.1,4.3,11.1,282.1666666666667

18.5,27.6,11.7,1016.6,56.0,1.3,3.3,11.1,257.6666666666667

18.3,27.6,9.0,1016.4,48.0,1.3,7.4,22.2,166.875

18.6,27.5,10.6,1014.8,51.0,1.3,2.8,11.1,135.16666666666666

17.6,28.8,8.5,1016.6,59.0,1.3,1.1,9.4,211.45833333333331

18.4,28.8,11.7,1014.9,58.0,1.4,3.7,9.4,215.5

17.2,27.8,9.8,1014.1,64.0,1.0,2.0,11.1,223.375

16.4,26.6,8.0,1015.0,57.0,1.3,2.6,14.8,135.58333333333334

17.4,26.7,9.0,1011.2,55.0,1.4,6.3,14.8,152.04166666666666

20.1,30.0,11.4,1013.8,47.0,1.8,8.9,22.2,46.70833333333334

20.1,29.0,13.8,1014.3,52.0,1.9,7.2,22.2,91.75

20.3,28.1,14.0,1013.6,52.0,1.9,9.3,22.2,99.91666666666669

17.2,27.4,10.5,1014.9,52.0,1.6,4.8,14.8,119.70833333333331

17.1,26.3,10.2,1015.1,54.0,1.6,2.8,11.1,110.875

15.8,22.3,10.4,1016.2,77.0,1.0,8.9,14.8,203.58333333333331

15.0,20.8,13.2,1016.8,93.0,1.1,3.5,9.4,25.08333333333333

14.2,20.0,10.4,1019.2,82.0,1.6,1.9,9.4,57.08333333333334

11.7,17.6,7.4,1022.3,85.0,0.3,0.4,3.5,349.29166666666674

11.3,17.5,7.2,1018.8,81.0,0.8,5.7,13.0,188.04166666666663

9.5,17.5,5.6,1018.1,84.0,0.5,0.9,3.5,310.25

9.3,16.0,6.0,1020.0,85.0,0.6,8.1,14.8,204.375

10.8,17.0,6.3,1017.7,82.0,0.8,7.8,11.1,223.25

10.4,19.2,4.8,1018.6,71.0,0.8,2.8,11.1,248.95833333333331

14.9,21.6,8.8,1017.4,76.0,0.8,0.9,7.6,172.75

14.7,21.6,10.2,1018.1,97.0,0.6,3.1,9.4,146.79166666666666

15.0,16.8,13.6,1017.5,94.0,0.5,0.9,7.6,113.875

9.8,17.6,6.4,1016.6,90.0,0.5,3.9,11.1,227.0

10.1,14.5,7.2,1019.2,90.0,0.3,3.3,7.6,231.25

10.5,16.3,6.8,1020.1,84.0,0.5,1.5,5.4,272.125

12.3,18.3,4.0,1017.1,81.0,0.5,4.8,9.4,228.79166666666663

12.1,18.3,9.0,1017.5,86.0,0.6,5.2,9.4,200.875

12.3,19.0,5.8,1019.3,82.0,0.5,0.9,7.6,214.04166666666663

13.9,21.6,9.4,1019.0,79.0,1.0,1.9,14.8,217.25

13.4,20.7,9.8,1020.1,80.0,0.8,7.2,11.1,212.45833333333331

13.3,17.5,9.5,1021.2,79.0,0.8,3.7,7.6,202.66666666666663

13.1,18.3,8.5,1020.6,80.0,0.8,4.1,14.8,138.79166666666666

13.7,18.3,11.6,1019.9,91.0,0.6,0.9,7.6,153.08333333333334

13.3,18.4,9.8,1019.3,79.0,1.0,5.2,14.8,159.70833333333334

13.8,21.5,7.2,1018.0,60.0,2.4,9.1,24.1,151.875

15.1,24.0,6.7,1017.6,66.0,1.3,5.0,11.1,224.79166666666663

17.3,23.8,10.4,1017.5,70.0,1.0,11.9,18.3,177.625

16.7,23.8,13.0,1020.7,75.0,0.8,7.2,14.8,149.625

15.7,25.6,7.4,1016.9,68.0,1.4,1.9,7.6,161.16666666666666

16.7,25.6,9.3,1017.5,66.0,1.4,4.4,13.0,136.75

16.9,25.5,10.5,1019.9,65.0,2.3,5.6,22.2,50.91666666666666

17.2,25.5,9.3,1012.8,61.0,2.4,6.7,20.6,120.20833333333331

19.3,28.6,10.6,1009.5,65.0,2.6,4.3,14.8,137.125

18.9,28.6,11.2,1012.8,73.0,0.8,1.5,7.6,197.08333333333331

22.9,29.3,17.0,1012.4,78.0,1.6,7.6,14.8,166.375

22.8,29.3,18.0,1013.7,72.0,1.9,7.2,14.8,126.58333333333331

21.9,29.1,15.2,1014.1,69.0,2.3,11.3,18.3,94.91666666666669

23.2,28.6,18.4,1008.5,65.0,1.4,6.5,13.0,133.95833333333334

20.0,27.6,14.5,1009.8,42.0,1.9,6.7,11.1,69.25

19.2,27.6,11.1,1013.0,49.0,2.6,5.7,11.1,79.29166666666667

17.3,19.0,15.2,1011.0,94.0,1.8,14.8,24.1,31.625

17.4,22.1,14.6,1012.6,92.0,1.9,6.7,16.5,20.416666666666668

16.1,22.1,12.8,1013.8,84.0,1.8,5.6,13.0,61.125

18.6,27.3,12.5,1014.0,79.0,2.6,3.9,13.0,49.58333333333334

19.4,27.6,14.0,1015.2,79.0,2.3,7.8,18.3,34.916666666666664

18.1,24.1,13.3,1021.1,60.0,2.7,12.2,20.6,47.5

21.3,28.3,14.2,1014.7,70.0,1.6,4.1,9.4,128.83333333333334

21.6,27.3,15.8,1015.3,71.0,2.6,7.8,20.6,56.33333333333334

17.7,27.3,16.0,1015.3,92.0,1.9,11.5,18.3,20.291666666666668

21.1,28.3,14.0,1014.8,69.0,2.4,5.4,13.0,59.16666666666666

22.5,30.2,14.5,1014.8,68.0,2.6,9.1,22.2,83.83333333333333

24.9,31.7,15.8,1014.8,65.0,2.6,5.9,13.0,89.375

26.8,35.1,18.5,1011.7,68.0,2.3,2.6,11.1,101.375

28.6,36.5,20.3,1012.4,59.0,1.8,9.3,55.4,109.75

27.7,35.6,20.4,1011.7,54.0,2.7,7.4,24.1,42.91666666666666

25.1,30.8,19.0,1010.4,70.0,2.1,3.7,11.1,47.25

26.4,32.5,20.3,1007.4,64.0,1.9,2.4,9.4,81.20833333333333

28.7,34.7,21.0,1004.7,53.0,1.9,9.4,18.3,52.29166666666666

24.4,34.7,19.0,1004.6,76.0,3.1,7.0,14.8,28.45833333333333

23.9,31.4,19.2,1010.2,69.0,1.9,9.8,13.0,49.5

25.2,32.2,18.2,1012.0,56.0,2.6,6.7,16.5,75.16666666666667

25.8,32.5,18.6,1010.3,58.0,2.7,9.1,24.1,53.125

24.9,32.2,19.0,1013.7,74.0,2.3,7.0,13.0,54.70833333333334

26.4,32.5,20.0,1012.8,68.0,2.6,3.0,11.1,52.625

27.6,34.3,20.8,1013.0,65.0,3.1,5.9,14.8,51.375

32.0,40.6,21.6,1003.9,45.0,2.7,4.3,9.4,94.33333333333331

32.8,40.6,26.0,1005.8,45.0,1.9,7.2,11.1,92.91666666666669

31.8,39.6,25.4,1005.6,35.0,1.9,11.1,27.8,80.20833333333333

30.4,39.1,22.2,1005.9,51.0,1.9,13.0,22.2,71.66666666666667

28.8,37.1,22.8,1008.0,59.0,1.9,15.7,25.9,31.83333333333333

30.2,37.1,23.5,1006.7,59.0,1.9,17.6,33.5,47.66666666666666

31.2,39.4,24.2,1005.8,52.0,2.7,5.4,14.8,48.125

30.2,37.6,23.6,1006.3,47.0,2.6,4.4,11.1,56.25

30.9,38.9,21.7,1006.7,44.0,2.7,3.0,11.1,103.41666666666669

35.7,42.7,27.6,1003.4,21.0,1.9,14.4,27.8,76.875

34.1,42.7,27.0,1003.2,29.0,1.9,12.2,27.8,86.375

35.1,42.7,25.7,1001.6,35.0,2.3,8.3,18.3,77.70833333333333

28.3,38.7,23.8,1006.5,65.0,2.4,7.8,14.8,48.5

29.9,35.9,22.0,1007.4,56.0,2.6,4.4,11.1,55.08333333333334

28.7,35.8,24.2,1006.5,58.0,1.9,7.0,18.3,67.45833333333333

31.4,41.5,24.9,1002.2,50.0,1.8,14.8,50.0,18.875

33.2,41.5,22.4,1002.0,38.0,2.4,14.6,22.2,61.5

35.8,42.6,27.0,1000.4,30.0,2.6,11.3,24.1,68.91666666666667

37.8,45.5,28.0,996.7,29.0,2.6,10.9,22.2,77.375

35.3,45.5,24.4,999.2,33.0,2.3,17.0,55.4,63.91666666666666

33.8,45.0,24.8,1001.3,26.0,2.6,6.7,18.3,63.66666666666666

35.3,40.6,28.9,1000.7,30.0,1.9,15.2,27.8,63.625

30.1,40.6,23.5,1002.2,47.0,1.9,14.3,29.4,25.45833333333333

31.6,39.9,22.2,1003.4,46.0,1.9,8.5,20.6,20.75

28.7,34.1,23.6,1004.3,59.0,1.9,6.7,11.1,40.5

35.1,42.5,26.0,999.4,42.0,2.6,7.2,16.5,64.83333333333333

36.3,42.9,27.7,998.7,38.0,2.6,6.3,22.2,63.0

37.6,42.4,30.0,998.8,32.0,1.9,18.7,27.8,73.83333333333333

31.9,41.6,28.0,998.8,52.0,2.3,9.4,14.8,31.875

27.0,39.7,20.5,1000.2,82.0,1.9,3.9,13.0,54.95833333333334

30.8,34.9,25.5,999.4,66.0,1.9,3.1,9.4,77.75

35.9,41.6,29.0,996.7,54.0,1.9,8.5,18.3,75.33333333333333

33.0,42.3,27.2,997.8,56.0,1.9,13.0,25.9,32.583333333333336

30.4,34.4,25.3,997.0,70.0,1.9,5.6,20.6,28.375

26.5,36.8,22.4,994.9,86.0,1.8,6.3,11.1,28.54166666666667

31.5,36.8,24.0,994.7,62.0,1.8,11.7,22.2,51.04166666666666

32.7,38.0,27.0,996.9,56.0,1.9,14.1,29.4,40.0

31.9,37.8,25.0,1001.8,61.0,1.9,4.3,9.4,37.583333333333336

33.8,38.9,27.0,1001.1,54.0,1.9,7.0,13.0,37.625

33.4,39.8,27.6,999.7,54.0,1.9,13.0,25.9,34.375

28.3,33.6,23.3,998.4,87.0,1.9,1.7,7.6,42.29166666666666

31.2,35.8,24.8,998.6,77.0,1.9,2.8,11.1,45.66666666666666

29.7,35.8,25.2,998.9,82.0,1.9,2.6,9.4,40.625

29.9,33.7,23.3,1000.6,78.0,2.6,4.8,11.1,26.875

31.1,35.6,26.4,998.5,73.0,1.9,10.9,18.3,30.70833333333333

33.4,37.0,27.0,994.1,61.0,1.9,17.2,29.4,10.208333333333334

30.1,34.7,26.0,997.7,76.0,1.9,0.7,5.4,43.04166666666666

29.1,34.7,24.4,999.2,82.0,1.9,4.8,11.1,19.416666666666668

31.5,35.7,25.7,999.9,74.0,1.9,8.1,13.0,8.416666666666666

31.3,36.5,27.3,999.3,73.0,2.7,8.7,14.8,0.0

30.0,36.6,27.0,998.8,76.0,2.6,16.9,25.9,0.0

29.7,34.7,24.6,1000.2,74.0,2.7,11.3,18.3,4.833333333333333

28.9,31.6,25.0,999.7,77.0,1.9,4.1,14.8,15.375

28.4,32.6,25.4,1002.7,77.0,1.9,0.9,7.6,19.83333333333333

29.8,33.9,25.0,1003.5,75.0,1.9,2.6,7.6,25.79166666666667

31.6,35.5,25.4,1001.9,63.0,1.9,5.4,11.1,22.70833333333333

29.4,34.4,26.4,999.9,86.0,1.8,2.2,14.8,31.33333333333333

28.8,34.4,25.3,1001.7,88.0,1.6,1.7,7.6,47.41666666666666

27.5,30.8,25.0,1000.2,92.0,1.3,3.0,7.6,33.791666666666664

31.9,35.8,28.0,1001.8,75.0,1.9,0.4,3.5,39.04166666666666

30.9,35.8,28.6,1001.8,78.0,1.9,3.3,14.8,41.708333333333336

31.6,35.6,25.8,1002.7,67.0,2.9,13.0,22.2,12.25

30.9,35.5,27.7,1001.5,66.0,1.9,14.6,27.8,14.5

29.5,34.5,27.6,1002.0,77.0,1.9,8.5,18.3,23.91666666666667

32.0,35.6,27.0,1000.9,64.0,3.4,10.0,20.6,27.375

31.9,36.2,28.0,1001.1,68.0,2.6,4.8,14.8,29.20833333333333

32.4,36.9,28.1,1001.9,68.0,2.7,5.4,11.1,36.5

32.2,36.8,28.4,1002.0,61.0,2.6,14.6,24.1,27.83333333333333

32.1,36.6,28.0,1000.8,56.0,1.9,15.4,25.9,44.125

31.9,36.6,27.5,1001.7,54.0,1.9,12.8,24.1,62.25

31.4,36.5,27.6,1005.5,56.0,1.9,11.7,25.9,60.125

31.5,36.9,26.6,1005.7,53.0,1.9,9.4,22.2,34.666666666666664

31.9,36.9,26.8,1005.8,54.0,2.7,11.9,35.2,39.208333333333336

31.0,36.7,26.4,1005.7,54.0,2.6,10.2,31.7,38.708333333333336

32.2,37.9,27.3,1005.8,61.0,1.9,1.3,3.5,69.95833333333333

31.8,37.9,26.8,1003.5,59.0,1.9,2.6,9.4,94.375

32.9,38.0,27.5,1003.3,62.0,1.9,0.4,3.5,85.75

30.4,35.9,26.0,1003.6,78.0,1.6,2.0,7.6,51.66666666666666

29.1,34.8,27.2,1003.4,76.0,1.9,4.6,11.1,39.41666666666666

30.2,36.5,26.2,1002.3,70.0,1.9,5.7,14.8,23.95833333333333

28.4,33.9,23.5,1003.8,55.0,2.6,8.5,20.6,43.5

29.4,35.1,23.7,1005.3,60.0,2.3,6.3,14.8,50.41666666666666

28.6,35.2,25.0,1007.2,64.0,2.3,3.0,9.4,55.70833333333334

28.1,35.3,21.5,1011.8,56.0,2.6,5.6,13.0,57.125

28.6,35.6,22.7,1009.0,72.0,1.9,6.5,18.3,112.29166666666669

28.5,35.4,23.2,1007.3,70.0,1.9,4.4,14.8,97.70833333333331

28.6,36.0,21.8,1004.3,65.0,1.9,6.1,24.1,80.70833333333333

29.6,35.5,25.0,1011.0,69.0,1.9,3.7,9.4,81.625

28.2,34.9,22.9,1012.7,70.0,1.9,3.9,9.4,65.375

27.6,34.9,21.5,1013.6,71.0,1.8,0.4,3.5,84.375

28.2,36.1,21.9,1011.7,70.0,1.9,3.5,9.4,141.95833333333334

27.7,36.2,22.9,1009.9,69.0,1.9,3.0,9.4,153.375

26.6,36.2,21.0,1012.0,68.0,1.6,2.0,7.6,162.875

26.4,34.4,18.3,1012.8,53.0,2.1,5.4,14.8,0.0

25.4,34.4,20.3,1015.0,59.0,1.9,5.6,16.5,49.33333333333334

24.7,33.3,18.5,1014.0,61.0,2.3,3.5,7.6,107.33333333333331

22.3,29.8,15.6,1016.0,73.0,1.6,1.1,5.4,273.625

22.9,31.4,16.2,1016.1,73.0,1.4,0.9,3.5,256.9583333333333

23.4,31.8,17.3,1015.8,75.0,1.6,0.4,3.5,185.08333333333331

23.9,31.8,18.6,1014.2,73.0,1.8,0.4,1.9,249.5

21.9,30.2,16.1,1014.8,79.0,0.5,1.1,7.6,365.75

21.9,29.0,17.1,1016.0,75.0,1.1,1.9,5.4,241.875

22.1,29.8,16.1,1015.0,77.0,1.3,0.7,3.5,176.875

22.3,29.3,16.1,1014.9,64.0,0.8,5.4,18.3,353.04166666666674

22.4,29.8,16.5,1012.0,65.0,1.1,3.5,13.0,257.4166666666667

18.5,27.7,11.5,1017.6,68.0,1.3,0.9,7.6,207.83333333333331

18.6,27.7,11.4,1016.4,69.0,1.1,0.4,3.5,268.1666666666667

18.8,28.5,11.5,1015.4,69.0,0.8,1.3,3.5,278.3333333333333

19.3,28.0,13.0,1014.7,61.0,1.9,5.7,18.3,157.5

20.0,29.1,11.9,1012.6,64.0,1.4,0.9,7.6,156.375

18.4,29.1,13.5,1011.4,71.0,1.3,2.6,7.6,200.5

19.3,28.0,13.8,1014.7,81.0,0.6,1.7,7.6,212.125

17.9,26.2,13.5,1016.2,75.0,0.8,2.0,11.1,190.5

17.6,24.6,11.2,1016.1,75.0,0.8,7.0,18.3,236.41666666666663

17.8,26.2,11.0,1017.1,79.0,0.6,2.0,7.6,286.375

20.2,27.0,12.0,1015.8,68.0,1.0,1.3,5.4,288.0833333333333

19.2,26.9,11.6,1015.4,78.0,1.0,4.8,14.8,302.4583333333333

14.8,21.0,6.8,1016.4,63.0,2.4,5.4,13.0,163.0

14.6,21.3,6.0,1017.1,59.0,2.6,8.1,14.8,161.375

15.2,22.2,7.0,1016.5,60.0,2.4,7.0,14.8,157.375

14.4,21.1,6.8,1019.1,65.0,1.6,5.6,13.0,245.91666666666663

12.6,21.0,0.0,1018.9,68.0,1.4,2.6,9.4,264.5833333333333

13.7,21.0,5.6,1018.8,71.0,1.3,1.5,7.6,253.29166666666663

13.3,19.3,5.5,1021.9,62.0,1.9,7.8,14.8,181.20833333333331

14.4,21.5,5.5,1021.0,60.0,1.8,8.9,18.3,210.875

16.3,22.5,7.6,1020.6,64.0,1.4,8.1,14.8,255.33333333333331

16.9,25.1,6.6,1021.3,65.0,1.1,2.0,7.6,284.79583333333335

15.5,24.1,7.7,1021.0,71.0,1.1,3.5,11.1,219.72083333333333

14.9,22.8,8.0,1018.4,73.0,1.1,5.9,13.0,182.1875

18.3,24.7,11.5,1018.1,85.0,0.5,1.1,7.6,154.03750000000005

16.5,24.7,12.0,1017.4,82.0,0.6,8.0,13.0,223.20833333333331

16.6,22.2,10.2,1015.4,65.0,1.8,10.0,20.6,200.64583333333337

18.2,25.1,12.0,1014.4,77.0,0.6,5.0,11.1,285.225

15.6,23.2,10.9,1015.6,82.0,0.6,4.3,9.4,236.825

13.0,19.0,9.6,1016.9,85.0,0.8,10.7,16.5,276.90833333333336

12.3,19.0,8.9,1015.8,91.0,0.5,4.6,9.4,108.0

11.9,15.7,7.5,1018.9,86.0,0.8,6.1,11.1,107.625

12.0,17.0,6.7,1019.8,75.0,1.3,7.6,13.0,125.89166666666668

11.7,18.0,6.4,1017.3,76.0,0.8,4.4,13.0,181.01250000000005

14.6,21.0,6.8,1015.6,81.0,0.6,2.4,7.6,152.55416666666667

17.7,24.0,9.0,1014.5,69.0,1.4,4.4,9.4,152.32083333333338

17.4,27.2,12.2,1016.4,79.0,1.1,7.8,18.3,319.7375

15.9,22.4,8.4,1017.6,66.0,2.4,7.2,16.5,332.7083333333333

15.2,22.6,6.6,1018.2,56.0,1.9,8.9,22.2,279.6

12.7,19.5,8.0,1017.6,69.0,1.3,8.3,18.3,179.11666666666667

15.6,24.6,10.7,1015.7,81.0,1.3,2.8,9.4,54.79166666666666

17.1,23.2,9.0,1017.1,69.0,1.8,5.9,11.1,93.375

17.6,24.0,10.1,1014.8,67.0,1.4,5.9,14.8,103.0

17.2,26.0,11.5,1014.7,65.0,2.3,5.7,14.8,132.20833333333334

17.7,24.4,9.7,1017.0,64.0,2.1,8.0,18.3,127.70833333333331

17.4,24.4,10.1,1018.9,61.0,2.3,6.1,11.1,109.33333333333331

23.1,30.0,15.6,1014.9,71.0,1.4,4.1,9.4,56.45833333333334

23.7,29.8,18.7,1014.0,75.0,1.4,11.1,18.3,135.83333333333334

20.9,27.8,15.8,1014.4,62.0,2.6,17.2,27.8,122.5

22.6,30.3,11.5,1015.4,57.0,2.4,5.4,11.1,69.66666666666667

22.7,30.4,12.8,1017.7,56.0,2.6,2.4,7.6,79.83333333333333

22.7,30.6,13.0,1018.4,58.0,2.4,3.3,7.6,62.70833333333334

25.0,31.0,15.0,1015.7,59.0,1.9,1.7,5.4,1.9166666666666667

24.9,32.4,15.2,1015.0,57.0,1.9,1.7,9.4,1.8333333333333333

26.8,33.4,15.7,1014.5,52.0,2.4,4.6,9.4,1.7916666666666667

23.7,29.1,15.8,1011.9,67.0,2.1,5.2,11.1,117.58333333333331

23.4,29.1,17.0,1011.4,63.0,2.1,6.7,16.5,122.70833333333331

24.3,29.0,15.6,1011.7,56.0,1.9,10.0,18.3,76.54166666666667

24.3,31.0,16.8,1010.8,66.0,3.4,6.9,14.8,59.20833333333334

22.4,29.5,17.1,1014.1,68.0,3.4,6.3,16.5,77.20833333333333

24.1,29.2,14.5,1014.4,59.0,2.4,8.5,18.3,87.83333333333331

26.8,33.0,19.0,1008.8,61.0,2.3,3.5,11.1,123.70833333333331

27.1,33.0,19.0,1009.9,61.0,2.6,2.8,13.0,64.79166666666667

26.5,32.8,19.5,1010.5,45.0,2.9,12.2,25.9,62.875

29.8,36.2,18.2,1012.7,52.0,2.4,3.3,7.6,52.04166666666666

24.7,36.6,19.7,1012.8,66.0,2.4,9.4,14.8,128.33333333333334

26.2,32.0,19.5,1012.5,56.0,3.1,9.1,14.8,87.58333333333331

29.9,37.0,19.5,1008.3,39.0,2.7,4.4,9.4,23.20833333333333

30.4,37.5,21.6,1006.3,41.0,2.6,12.0,27.8,15.166666666666664

32.3,39.0,21.5,1007.3,39.0,3.4,5.4,13.0,21.25

33.4,39.1,24.8,1008.0,47.0,2.1,2.6,7.6,25.75

29.5,36.9,21.5,1007.2,41.0,2.3,11.3,16.5,105.33333333333331

29.3,36.0,18.8,1008.8,37.0,3.2,4.8,11.1,117.75

30.9,37.0,19.0,1008.9,33.0,2.6,6.9,14.8,20.791666666666668

31.6,38.0,23.2,1002.6,30.0,3.1,18.7,35.2,46.91666666666666

33.1,39.0,24.0,1003.0,26.0,2.6,10.4,24.1,104.625

33.6,40.0,23.0,1003.8,27.0,2.4,9.8,18.3,109.625

34.0,40.6,26.3,1005.5,29.0,2.6,13.9,22.2,0.0

33.9,39.6,25.8,1002.7,28.0,2.7,15.7,29.4,30.875

33.3,39.4,24.8,1000.7,28.0,3.1,8.3,18.3,75.58333333333333

33.4,40.0,21.2,1006.3,27.0,2.6,3.7,14.8,0.0

33.2,40.3,22.2,1005.1,29.0,2.3,5.0,14.8,0.0

34.0,40.7,22.2,1004.6,24.0,2.4,11.9,22.2,0.0

34.7,41.5,22.0,1001.7,24.0,2.3,8.5,16.5,142.5

38.0,44.0,23.8,1001.1,20.0,2.6,9.6,29.4,133.375

35.4,44.0,28.0,1003.2,35.0,2.7,6.5,18.3,102.41666666666669

33.2,38.0,25.0,1004.6,41.0,2.7,4.6,9.4,158.29166666666666

35.1,39.2,25.3,1005.1,40.0,2.4,7.2,11.1,149.58333333333334

33.8,39.8,27.6,1005.5,44.0,2.4,9.8,16.5,107.29166666666669

37.1,42.0,27.5,1000.7,30.0,2.9,8.3,18.3,106.5

36.5,43.0,27.0,1001.8,35.0,2.6,4.1,22.2,128.125

37.3,42.4,27.4,1002.4,32.0,2.6,4.8,14.8,108.0

37.3,43.7,28.6,997.4,44.0,2.6,9.4,22.2,98.41666666666669

37.3,42.8,31.2,996.2,49.0,2.6,8.3,14.8,94.375

36.2,41.5,30.7,995.3,50.0,2.9,10.9,18.3,118.5

32.9,39.0,27.4,996.6,50.0,2.4,9.4,27.8,110.41666666666669

34.6,39.0,26.0,998.4,49.0,2.4,6.7,16.5,95.83333333333331

37.4,41.0,30.6,998.8,31.0,1.9,14.1,27.8,93.5

32.7,37.5,24.7,1002.3,55.0,2.4,7.4,18.3,38.66666666666666

36.0,40.0,26.6,1001.7,46.0,3.1,9.1,22.2,45.375

37.7,42.0,30.7,1000.9,37.0,2.6,11.9,22.2,65.16666666666667

37.6,43.0,28.7,1001.2,42.0,2.4,2.8,11.1,67.08333333333333

34.6,40.3,28.7,1001.1,51.0,2.7,10.2,25.9,77.66666666666667

35.9,41.0,28.6,998.6,50.0,2.6,8.5,18.3,70.25

35.7,41.2,30.0,997.6,48.0,2.3,9.3,27.8,75.125

36.0,41.0,27.6,997.7,46.0,2.4,12.8,25.9,77.0

32.6,40.7,26.0,996.9,59.0,2.6,11.9,29.4,32.958333333333336

34.7,38.0,30.5,995.4,55.0,2.4,10.4,18.3,40.833333333333336

35.6,40.0,30.0,1000.7,57.0,3.1,9.4,25.9,90.70833333333331

31.1,40.1,26.0,999.8,74.0,2.4,7.6,14.8,97.29166666666669

32.9,38.6,27.0,999.7,64.0,2.4,8.9,16.5,79.83333333333333

35.5,39.9,31.2,999.7,60.0,2.4,9.8,18.3,40.375

34.9,39.6,29.6,999.6,61.0,2.4,7.8,14.8,49.41666666666666

34.4,39.4,26.0,998.3,63.0,2.3,8.0,14.8,43.66666666666666

32.2,39.8,25.4,995.4,73.0,2.3,8.3,14.8,0.0

28.4,36.6,24.4,998.1,82.0,2.4,5.2,9.4,29.66666666666667

29.6,32.0,25.7,997.6,80.0,2.3,2.0,7.6,47.75

33.6,36.7,28.8,996.7,66.0,5.8,5.9,11.1,43.66666666666666

30.7,36.9,28.8,996.8,78.0,2.3,5.4,27.8,29.83333333333333

33.3,37.0,27.8,996.2,68.0,2.6,6.7,11.1,29.66666666666667

31.1,34.2,27.8,997.8,78.0,2.6,6.9,24.1,37.625

30.4,35.4,26.7,997.8,82.0,2.1,5.2,14.8,41.458333333333336

31.0,35.2,26.0,997.9,80.0,2.4,7.2,18.3,53.125

32.4,35.2,26.2,999.0,72.0,2.9,13.5,25.9,36.0

34.1,37.0,28.5,998.5,63.0,3.2,13.0,22.2,70.58333333333333

34.1,37.2,29.0,998.4,61.0,2.6,11.5,22.2,52.45833333333334

31.9,35.0,28.3,1001.3,72.0,2.1,2.8,9.4,38.25

30.3,35.0,27.6,1002.6,83.0,2.3,6.5,16.5,26.58333333333333

28.3,35.8,26.8,1003.9,89.0,1.6,4.3,11.1,57.58333333333334

29.2,31.0,26.0,1000.0,85.0,1.8,4.6,13.0,41.375

29.1,32.6,26.4,998.6,85.0,1.8,5.9,13.0,25.54166666666667

30.9,35.0,26.0,997.4,73.0,2.6,6.5,11.1,28.375

32.6,36.0,26.2,997.8,66.0,3.4,5.6,9.4,40.333333333333336

33.3,36.0,26.4,999.7,67.0,3.2,7.8,18.3,35.375

33.4,36.5,28.6,999.9,66.0,2.9,9.8,16.5,31.91666666666667

31.2,36.7,28.0,997.8,75.0,2.7,9.1,14.8,36.79166666666666

29.9,34.0,25.5,1000.2,80.0,1.4,3.3,11.1,26.83333333333333

29.0,33.7,26.0,999.1,85.0,2.1,6.5,22.2,21.125

31.3,34.5,27.0,997.6,71.0,3.2,12.2,22.2,18.0

31.7,34.0,26.4,999.0,71.0,2.6,2.0,11.1,43.58333333333334

32.6,36.0,27.6,999.6,70.0,2.7,10.6,20.6,46.04166666666666

31.2,35.9,26.1,1000.4,71.0,3.2,8.7,18.3,28.75

31.0,35.0,26.8,1004.1,76.0,2.6,6.1,14.8,64.91666666666667

30.8,35.2,26.8,1005.0,76.0,2.7,3.7,18.3,30.66666666666667

27.3,33.3,24.0,1002.4,89.0,2.1,7.8,27.8,33.166666666666664

27.8,31.0,25.2,1001.3,88.0,2.4,4.6,7.6,30.625

30.7,34.0,25.5,1000.1,73.0,2.6,13.7,22.2,30.33333333333333

30.7,34.0,25.0,1000.5,65.0,3.4,12.0,27.8,31.75

31.1,35.0,25.0,1003.1,64.0,3.2,10.4,18.3,0.0

31.3,35.0,26.0,1004.6,63.0,3.2,11.5,18.3,0.0

31.4,36.0,26.7,1006.7,65.0,3.1,8.3,13.0,83.45833333333333

30.4,35.6,25.7,1006.5,72.0,2.9,4.3,14.8,71.66666666666667

31.7,37.1,26.0,1003.2,63.0,2.9,1.7,5.4,62.375

32.5,37.2,25.3,1003.0,59.0,3.1,1.7,7.6,24.875

32.6,37.4,27.0,1005.8,63.0,2.6,6.3,13.0,37.333333333333336

30.7,34.8,25.6,1004.5,66.0,2.6,3.3,11.1,41.5

31.4,35.2,26.0,1005.8,62.0,3.1,2.0,7.6,48.91666666666666

31.9,36.0,26.5,1007.2,66.0,2.3,2.4,7.6,26.66666666666667

32.4,36.4,27.5,1007.8,65.0,3.1,3.5,11.1,29.0

30.3,35.0,24.7,1007.3,62.0,2.3,7.6,18.3,60.54166666666666

29.9,35.0,23.0,1006.3,60.0,2.6,6.7,24.1,41.583333333333336

30.0,36.0,22.5,1004.9,63.0,2.6,3.0,7.6,50.91666666666666

28.6,35.0,19.8,1008.2,49.0,3.7,11.5,22.2,82.83333333333333

28.3,35.2,19.0,1009.4,53.0,3.4,9.1,35.9,95.25

26.8,35.2,17.5,1010.4,57.0,2.6,5.7,13.0,115.83333333333331

27.6,35.0,17.6,1007.6,53.0,3.1,5.9,13.0,136.70833333333334

27.7,35.0,18.6,1006.9,52.0,3.1,7.8,28.7,160.66666666666666

27.3,35.0,19.0,1007.8,55.0,3.2,7.2,27.8,173.58333333333337

27.2,34.5,19.5,1009.0,58.0,3.1,11.1,25.9,261.6666666666667

26.4,33.0,18.4,1012.4,60.0,2.6,4.6,14.8,272.4166666666667

25.4,33.4,16.5,1014.3,62.0,1.6,5.0,14.8,226.29166666666663

23.7,31.7,15.5,1017.7,69.0,1.0,1.3,5.4,99.70833333333331

23.4,31.1,14.2,1016.0,60.0,1.1,3.0,7.6,217.375

22.6,30.6,15.8,1015.4,69.0,0.5,1.1,5.4,309.375

23.9,32.0,14.5,1015.6,63.0,1.0,2.0,5.4,166.91666666666666

23.2,30.2,14.0,1012.6,55.0,1.1,7.4,18.3,278.0

22.5,29.5,15.6,1013.3,56.0,1.1,11.7,22.2,192.33333333333331

21.7,30.0,12.2,1014.5,52.0,1.1,6.3,16.5,235.33333333333331

22.2,30.2,13.6,1015.6,63.0,1.6,1.5,3.5,221.54166666666663

20.8,29.3,12.1,1016.7,58.0,1.8,3.5,9.4,210.54166666666663

20.7,28.8,10.6,1017.8,56.0,1.8,6.1,16.5,251.20833333333331

20.8,29.0,10.5,1013.9,61.0,1.8,2.6,7.6,194.70833333333331

22.0,31.0,10.7,1013.2,56.0,1.8,2.4,14.8,250.875

21.4,30.6,10.8,1011.9,54.0,2.6,7.8,18.3,274.875

24.2,31.0,16.5,1013.0,36.0,2.9,13.9,22.2,160.0

22.7,30.8,13.6,1012.0,38.0,3.4,11.9,20.6,217.91666666666663

21.4,29.6,12.7,1013.7,40.0,2.6,8.0,20.6,184.20833333333331

19.2,25.9,11.9,1017.0,84.0,0.8,2.6,9.4,176.375

18.9,25.8,11.5,1017.9,77.0,0.6,5.0,13.0,185.95833333333331

19.3,27.0,11.7,1019.6,57.0,1.8,5.2,11.1,195.375

17.8,24.8,11.2,1017.0,74.0,0.6,0.7,7.6,365.29166666666674

15.8,24.3,8.7,1015.8,77.0,0.8,1.7,7.6,312.2083333333333

18.2,27.0,7.7,1013.7,72.0,0.6,1.1,7.6,237.625

19.0,27.1,10.5,1015.1,61.0,1.6,3.3,9.4,202.875

18.0,26.6,10.5,1017.1,61.0,1.9,8.0,14.8,260.1666666666667

17.2,24.2,10.0,1017.2,58.0,1.6,9.3,22.2,403.95833333333326

16.3,23.0,6.6,1016.9,61.0,1.0,9.4,20.6,284.1666666666667

18.1,24.0,11.2,1015.4,56.0,1.8,15.9,25.9,288.4166666666667

17.8,25.0,10.7,1015.8,54.0,2.3,9.4,22.2,256.8333333333333

13.9,24.5,11.4,1015.0,95.0,0.6,8.7,14.8,169.0

16.3,23.0,9.8,1016.9,78.0,1.1,7.4,16.5,186.04166666666663

16.3,23.4,9.0,1017.3,68.0,1.3,7.8,18.3,185.58333333333331

16.9,25.1,6.6,1021.3,65.0,1.1,2.0,7.6,284.79583333333335

15.5,24.1,7.7,1021.0,71.0,1.1,3.5,11.1,219.72083333333333

14.9,22.8,8.0,1018.4,73.0,1.1,5.9,13.0,182.1875

18.3,24.7,11.5,1018.1,85.0,0.5,1.1,7.6,154.03750000000005

16.5,24.7,12.0,1017.4,82.0,0.6,8.0,13.0,223.20833333333331

16.6,22.2,10.2,1015.4,65.0,1.8,10.0,20.6,200.64583333333337

18.2,25.1,12.0,1014.4,77.0,0.6,5.0,11.1,285.225

15.6,23.2,10.9,1015.6,82.0,0.6,4.3,9.4,236.825

13.0,19.0,9.6,1016.9,85.0,0.8,10.7,16.5,276.90833333333336

12.3,19.0,8.9,1015.8,91.0,0.5,4.6,9.4,108.0

11.9,15.7,7.5,1018.9,86.0,0.8,6.1,11.1,107.625

12.0,17.0,6.7,1019.8,75.0,1.3,7.6,13.0,125.89166666666668

11.7,18.0,6.4,1017.3,76.0,0.8,4.4,13.0,181.01250000000005

14.6,21.0,6.8,1015.6,81.0,0.6,2.4,7.6,152.55416666666667

17.7,24.0,9.0,1014.5,69.0,1.4,4.4,9.4,152.32083333333338

17.4,27.2,12.2,1016.4,79.0,1.1,7.8,18.3,319.7375

15.9,22.4,8.4,1017.6,66.0,2.4,7.2,16.5,332.7083333333333

15.2,22.6,6.6,1018.2,56.0,1.9,8.9,22.2,279.6

12.7,19.5,8.0,1017.6,69.0,1.3,8.3,18.3,179.11666666666667

15.6,24.6,10.7,1015.7,81.0,1.3,2.8,9.4,54.79166666666666

17.1,23.2,9.0,1017.1,69.0,1.8,5.9,11.1,93.375

17.6,24.0,10.1,1014.8,67.0,1.4,5.9,14.8,103.0

17.2,26.0,11.5,1014.7,65.0,2.3,5.7,14.8,132.20833333333334

17.7,24.4,9.7,1017.0,64.0,2.1,8.0,18.3,127.70833333333331

17.4,24.4,10.1,1018.9,61.0,2.3,6.1,11.1,109.33333333333331

23.1,30.0,15.6,1014.9,71.0,1.4,4.1,9.4,56.45833333333334

23.7,29.8,18.7,1014.0,75.0,1.4,11.1,18.3,135.83333333333334

20.9,27.8,15.8,1014.4,62.0,2.6,17.2,27.8,122.5

22.6,30.3,11.5,1015.4,57.0,2.4,5.4,11.1,69.66666666666667

22.7,30.4,12.8,1017.7,56.0,2.6,2.4,7.6,79.83333333333333

22.7,30.6,13.0,1018.4,58.0,2.4,3.3,7.6,62.70833333333334

25.0,31.0,15.0,1015.7,59.0,1.9,1.7,5.4,1.9166666666666667

24.9,32.4,15.2,1015.0,57.0,1.9,1.7,9.4,1.8333333333333333

26.8,33.4,15.7,1014.5,52.0,2.4,4.6,9.4,1.7916666666666667

23.7,29.1,15.8,1011.9,67.0,2.1,5.2,11.1,117.58333333333331

23.4,29.1,17.0,1011.4,63.0,2.1,6.7,16.5,122.70833333333331

24.3,29.0,15.6,1011.7,56.0,1.9,10.0,18.3,76.54166666666667

24.3,31.0,16.8,1010.8,66.0,3.4,6.9,14.8,59.20833333333334

22.4,29.5,17.1,1014.1,68.0,3.4,6.3,16.5,77.20833333333333

24.1,29.2,14.5,1014.4,59.0,2.4,8.5,18.3,87.83333333333331

26.8,33.0,19.0,1008.8,61.0,2.3,3.5,11.1,123.70833333333331

27.1,33.0,19.0,1009.9,61.0,2.6,2.8,13.0,64.79166666666667

26.5,32.8,19.5,1010.5,45.0,2.9,12.2,25.9,62.875

29.8,36.2,18.2,1012.7,52.0,2.4,3.3,7.6,52.04166666666666

24.7,36.6,19.7,1012.8,66.0,2.4,9.4,14.8,128.33333333333334

26.2,32.0,19.5,1012.5,56.0,3.1,9.1,14.8,87.58333333333331

29.9,37.0,19.5,1008.3,39.0,2.7,4.4,9.4,23.20833333333333

30.4,37.5,21.6,1006.3,41.0,2.6,12.0,27.8,15.166666666666664

32.3,39.0,21.5,1007.3,39.0,3.4,5.4,13.0,21.25

33.4,39.1,24.8,1008.0,47.0,2.1,2.6,7.6,25.75

29.5,36.9,21.5,1007.2,41.0,2.3,11.3,16.5,105.33333333333331

29.3,36.0,18.8,1008.8,37.0,3.2,4.8,11.1,117.75

30.9,37.0,19.0,1008.9,33.0,2.6,6.9,14.8,20.791666666666668

31.6,38.0,23.2,1002.6,30.0,3.1,18.7,35.2,46.91666666666666

33.1,39.0,24.0,1003.0,26.0,2.6,10.4,24.1,104.625

33.6,40.0,23.0,1003.8,27.0,2.4,9.8,18.3,109.625

34.0,40.6,26.3,1005.5,29.0,2.6,13.9,22.2,0.0

33.9,39.6,25.8,1002.7,28.0,2.7,15.7,29.4,30.875

33.3,39.4,24.8,1000.7,28.0,3.1,8.3,18.3,75.58333333333333

33.4,40.0,21.2,1006.3,27.0,2.6,3.7,14.8,0.0

33.2,40.3,22.2,1005.1,29.0,2.3,5.0,14.8,0.0

34.0,40.7,22.2,1004.6,24.0,2.4,11.9,22.2,0.0

34.7,41.5,22.0,1001.7,24.0,2.3,8.5,16.5,142.5

38.0,44.0,23.8,1001.1,20.0,2.6,9.6,29.4,133.375

35.4,44.0,28.0,1003.2,35.0,2.7,6.5,18.3,102.41666666666669

33.2,38.0,25.0,1004.6,41.0,2.7,4.6,9.4,158.29166666666666

35.1,39.2,25.3,1005.1,40.0,2.4,7.2,11.1,149.58333333333334

33.8,39.8,27.6,1005.5,44.0,2.4,9.8,16.5,107.29166666666669

37.1,42.0,27.5,1000.7,30.0,2.9,8.3,18.3,106.5

36.5,43.0,27.0,1001.8,35.0,2.6,4.1,22.2,128.125

37.3,42.4,27.4,1002.4,32.0,2.6,4.8,14.8,108.0

37.3,43.7,28.6,997.4,44.0,2.6,9.4,22.2,98.41666666666669

37.3,42.8,31.2,996.2,49.0,2.6,8.3,14.8,94.375

36.2,41.5,30.7,995.3,50.0,2.9,10.9,18.3,118.5

32.9,39.0,27.4,996.6,50.0,2.4,9.4,27.8,110.41666666666669

34.6,39.0,26.0,998.4,49.0,2.4,6.7,16.5,95.83333333333331

37.4,41.0,30.6,998.8,31.0,1.9,14.1,27.8,93.5

32.7,37.5,24.7,1002.3,55.0,2.4,7.4,18.3,38.66666666666666

36.0,40.0,26.6,1001.7,46.0,3.1,9.1,22.2,45.375

37.7,42.0,30.7,1000.9,37.0,2.6,11.9,22.2,65.16666666666667

37.6,43.0,28.7,1001.2,42.0,2.4,2.8,11.1,67.08333333333333

34.6,40.3,28.7,1001.1,51.0,2.7,10.2,25.9,77.66666666666667

35.9,41.0,28.6,998.6,50.0,2.6,8.5,18.3,70.25

35.7,41.2,30.0,997.6,48.0,2.3,9.3,27.8,75.125

36.0,41.0,27.6,997.7,46.0,2.4,12.8,25.9,77.0

32.6,40.7,26.0,996.9,59.0,2.6,11.9,29.4,32.958333333333336

34.7,38.0,30.5,995.4,55.0,2.4,10.4,18.3,40.833333333333336

35.6,40.0,30.0,1000.7,57.0,3.1,9.4,25.9,90.70833333333331

31.1,40.1,26.0,999.8,74.0,2.4,7.6,14.8,97.29166666666669

32.9,38.6,27.0,999.7,64.0,2.4,8.9,16.5,79.83333333333333

35.5,39.9,31.2,999.7,60.0,2.4,9.8,18.3,40.375

34.9,39.6,29.6,999.6,61.0,2.4,7.8,14.8,49.41666666666666

34.4,39.4,26.0,998.3,63.0,2.3,8.0,14.8,43.66666666666666

32.2,39.8,25.4,995.4,73.0,2.3,8.3,14.8,0.0

28.4,36.6,24.4,998.1,82.0,2.4,5.2,9.4,29.66666666666667

29.6,32.0,25.7,997.6,80.0,2.3,2.0,7.6,47.75

33.6,36.7,28.8,996.7,66.0,5.8,5.9,11.1,43.66666666666666

30.7,36.9,28.8,996.8,78.0,2.3,5.4,27.8,29.83333333333333

33.3,37.0,27.8,996.2,68.0,2.6,6.7,11.1,29.66666666666667

31.1,34.2,27.8,997.8,78.0,2.6,6.9,24.1,37.625

30.4,35.4,26.7,997.8,82.0,2.1,5.2,14.8,41.458333333333336

31.0,35.2,26.0,997.9,80.0,2.4,7.2,18.3,53.125

32.4,35.2,26.2,999.0,72.0,2.9,13.5,25.9,36.0

34.1,37.0,28.5,998.5,63.0,3.2,13.0,22.2,70.58333333333333

34.1,37.2,29.0,998.4,61.0,2.6,11.5,22.2,52.45833333333334

31.9,35.0,28.3,1001.3,72.0,2.1,2.8,9.4,38.25

30.3,35.0,27.6,1002.6,83.0,2.3,6.5,16.5,26.58333333333333

28.3,35.8,26.8,1003.9,89.0,1.6,4.3,11.1,57.58333333333334

29.2,31.0,26.0,1000.0,85.0,1.8,4.6,13.0,41.375

29.1,32.6,26.4,998.6,85.0,1.8,5.9,13.0,25.54166666666667

30.9,35.0,26.0,997.4,73.0,2.6,6.5,11.1,28.375

32.6,36.0,26.2,997.8,66.0,3.4,5.6,9.4,40.333333333333336

33.3,36.0,26.4,999.7,67.0,3.2,7.8,18.3,35.375

33.4,36.5,28.6,999.9,66.0,2.9,9.8,16.5,31.91666666666667

31.2,36.7,28.0,997.8,75.0,2.7,9.1,14.8,36.79166666666666

29.9,34.0,25.5,1000.2,80.0,1.4,3.3,11.1,26.83333333333333

29.0,33.7,26.0,999.1,85.0,2.1,6.5,22.2,21.125

31.3,34.5,27.0,997.6,71.0,3.2,12.2,22.2,18.0

31.7,34.0,26.4,999.0,71.0,2.6,2.0,11.1,43.58333333333334

32.6,36.0,27.6,999.6,70.0,2.7,10.6,20.6,46.04166666666666

31.2,35.9,26.1,1000.4,71.0,3.2,8.7,18.3,28.75

31.0,35.0,26.8,1004.1,76.0,2.6,6.1,14.8,64.91666666666667

30.8,35.2,26.8,1005.0,76.0,2.7,3.7,18.3,30.66666666666667

27.3,33.3,24.0,1002.4,89.0,2.1,7.8,27.8,33.166666666666664

27.8,31.0,25.2,1001.3,88.0,2.4,4.6,7.6,30.625

30.7,34.0,25.5,1000.1,73.0,2.6,13.7,22.2,30.33333333333333

30.7,34.0,25.0,1000.5,65.0,3.4,12.0,27.8,31.75

31.1,35.0,25.0,1003.1,64.0,3.2,10.4,18.3,0.0

31.3,35.0,26.0,1004.6,63.0,3.2,11.5,18.3,0.0

31.4,36.0,26.7,1006.7,65.0,3.1,8.3,13.0,83.45833333333333

30.4,35.6,25.7,1006.5,72.0,2.9,4.3,14.8,71.66666666666667

31.7,37.1,26.0,1003.2,63.0,2.9,1.7,5.4,62.375

32.5,37.2,25.3,1003.0,59.0,3.1,1.7,7.6,24.875

32.6,37.4,27.0,1005.8,63.0,2.6,6.3,13.0,37.333333333333336

30.7,34.8,25.6,1004.5,66.0,2.6,3.3,11.1,41.5

31.4,35.2,26.0,1005.8,62.0,3.1,2.0,7.6,48.91666666666666

31.9,36.0,26.5,1007.2,66.0,2.3,2.4,7.6,26.66666666666667

32.4,36.4,27.5,1007.8,65.0,3.1,3.5,11.1,29.0

30.3,35.0,24.7,1007.3,62.0,2.3,7.6,18.3,60.54166666666666

29.9,35.0,23.0,1006.3,60.0,2.6,6.7,24.1,41.583333333333336

30.0,36.0,22.5,1004.9,63.0,2.6,3.0,7.6,50.91666666666666

28.6,35.0,19.8,1008.2,49.0,3.7,11.5,22.2,82.83333333333333

28.3,35.2,19.0,1009.4,53.0,3.4,9.1,35.9,95.25

26.8,35.2,17.5,1010.4,57.0,2.6,5.7,13.0,115.83333333333331

27.6,35.0,17.6,1007.6,53.0,3.1,5.9,13.0,136.70833333333334

27.7,35.0,18.6,1006.9,52.0,3.1,7.8,28.7,160.66666666666666

27.3,35.0,19.0,1007.8,55.0,3.2,7.2,27.8,173.58333333333337

27.2,34.5,19.5,1009.0,58.0,3.1,11.1,25.9,261.6666666666667

26.4,33.0,18.4,1012.4,60.0,2.6,4.6,14.8,272.4166666666667

25.4,33.4,16.5,1014.3,62.0,1.6,5.0,14.8,226.29166666666663

23.7,31.7,15.5,1017.7,69.0,1.0,1.3,5.4,99.70833333333331

23.4,31.1,14.2,1016.0,60.0,1.1,3.0,7.6,217.375

22.6,30.6,15.8,1015.4,69.0,0.5,1.1,5.4,309.375

23.9,32.0,14.5,1015.6,63.0,1.0,2.0,5.4,166.91666666666666

23.2,30.2,14.0,1012.6,55.0,1.1,7.4,18.3,278.0

22.5,29.5,15.6,1013.3,56.0,1.1,11.7,22.2,192.33333333333331

21.7,30.0,12.2,1014.5,52.0,1.1,6.3,16.5,235.33333333333331

22.2,30.2,13.6,1015.6,63.0,1.6,1.5,3.5,221.54166666666663

20.8,29.3,12.1,1016.7,58.0,1.8,3.5,9.4,210.54166666666663

20.7,28.8,10.6,1017.8,56.0,1.8,6.1,16.5,251.20833333333331

20.8,29.0,10.5,1013.9,61.0,1.8,2.6,7.6,194.70833333333331

22.0,31.0,10.7,1013.2,56.0,1.8,2.4,14.8,250.875

21.4,30.6,10.8,1011.9,54.0,2.6,7.8,18.3,274.875

24.2,31.0,16.5,1013.0,36.0,2.9,13.9,22.2,160.0

22.7,30.8,13.6,1012.0,38.0,3.4,11.9,20.6,217.91666666666663

21.4,29.6,12.7,1013.7,40.0,2.6,8.0,20.6,184.20833333333331

19.2,25.9,11.9,1017.0,84.0,0.8,2.6,9.4,176.375

18.9,25.8,11.5,1017.9,77.0,0.6,5.0,13.0,185.95833333333331

19.3,27.0,11.7,1019.6,57.0,1.8,5.2,11.1,195.375

17.8,24.8,11.2,1017.0,74.0,0.6,0.7,7.6,365.29166666666674

15.8,24.3,8.7,1015.8,77.0,0.8,1.7,7.6,312.2083333333333

18.2,27.0,7.7,1013.7,72.0,0.6,1.1,7.6,237.625

19.0,27.1,10.5,1015.1,61.0,1.6,3.3,9.4,202.875

18.0,26.6,10.5,1017.1,61.0,1.9,8.0,14.8,260.1666666666667

17.2,24.2,10.0,1017.2,58.0,1.6,9.3,22.2,403.95833333333326

16.3,23.0,6.6,1016.9,61.0,1.0,9.4,20.6,284.1666666666667

18.1,24.0,11.2,1015.4,56.0,1.8,15.9,25.9,288.4166666666667

17.8,25.0,10.7,1015.8,54.0,2.3,9.4,22.2,256.8333333333333

13.9,24.5,11.4,1015.0,95.0,0.6,8.7,14.8,169.0

16.3,23.0,9.8,1016.9,78.0,1.1,7.4,16.5,186.04166666666663

16.3,23.4,9.0,1017.3,68.0,1.3,7.8,18.3,185.58333333333331

16.9,25.1,6.6,1021.3,65.0,1.1,2.0,7.6,284.79583333333335

15.5,24.1,7.7,1021.0,71.0,1.1,3.5,11.1,219.72083333333333

14.9,22.8,8.0,1018.4,73.0,1.1,5.9,13.0,182.1875

18.3,24.7,11.5,1018.1,85.0,0.5,1.1,7.6,154.03750000000005

16.5,24.7,12.0,1017.4,82.0,0.6,8.0,13.0,223.20833333333331

16.6,22.2,10.2,1015.4,65.0,1.8,10.0,20.6,200.64583333333337

18.2,25.1,12.0,1014.4,77.0,0.6,5.0,11.1,285.225

15.6,23.2,10.9,1015.6,82.0,0.6,4.3,9.4,236.825

13.0,19.0,9.6,1016.9,85.0,0.8,10.7,16.5,276.90833333333336

12.3,19.0,8.9,1015.8,91.0,0.5,4.6,9.4,108.0

11.9,15.7,7.5,1018.9,86.0,0.8,6.1,11.1,107.625

12.0,17.0,6.7,1019.8,75.0,1.3,7.6,13.0,125.89166666666668

11.7,18.0,6.4,1017.3,76.0,0.8,4.4,13.0,181.01250000000005

14.6,21.0,6.8,1015.6,81.0,0.6,2.4,7.6,152.55416666666667

17.7,24.0,9.0,1014.5,69.0,1.4,4.4,9.4,152.32083333333338

17.4,27.2,12.2,1016.4,79.0,1.1,7.8,18.3,319.7375

15.9,22.4,8.4,1017.6,66.0,2.4,7.2,16.5,332.7083333333333

15.2,22.6,6.6,1018.2,56.0,1.9,8.9,22.2,279.6

12.7,19.5,8.0,1017.6,69.0,1.3,8.3,18.3,179.11666666666667

15.6,24.6,10.7,1015.7,81.0,1.3,2.8,9.4,54.79166666666666

17.1,23.2,9.0,1017.1,69.0,1.8,5.9,11.1,93.375

17.6,24.0,10.1,1014.8,67.0,1.4,5.9,14.8,103.0

17.2,26.0,11.5,1014.7,65.0,2.3,5.7,14.8,132.20833333333334

17.7,24.4,9.7,1017.0,64.0,2.1,8.0,18.3,127.70833333333331

17.4,24.4,10.1,1018.9,61.0,2.3,6.1,11.1,109.33333333333331

23.1,30.0,15.6,1014.9,71.0,1.4,4.1,9.4,56.45833333333334

23.7,29.8,18.7,1014.0,75.0,1.4,11.1,18.3,135.83333333333334

20.9,27.8,15.8,1014.4,62.0,2.6,17.2,27.8,122.5

22.6,30.3,11.5,1015.4,57.0,2.4,5.4,11.1,69.66666666666667

22.7,30.4,12.8,1017.7,56.0,2.6,2.4,7.6,79.83333333333333

22.7,30.6,13.0,1018.4,58.0,2.4,3.3,7.6,62.70833333333334

25.0,31.0,15.0,1015.7,59.0,1.9,1.7,5.4,1.9166666666666667

24.9,32.4,15.2,1015.0,57.0,1.9,1.7,9.4,1.8333333333333333

26.8,33.4,15.7,1014.5,52.0,2.4,4.6,9.4,1.7916666666666667

23.7,29.1,15.8,1011.9,67.0,2.1,5.2,11.1,117.58333333333331

23.4,29.1,17.0,1011.4,63.0,2.1,6.7,16.5,122.70833333333331

24.3,29.0,15.6,1011.7,56.0,1.9,10.0,18.3,76.54166666666667

24.3,31.0,16.8,1010.8,66.0,3.4,6.9,14.8,59.20833333333334

22.4,29.5,17.1,1014.1,68.0,3.4,6.3,16.5,77.20833333333333

24.1,29.2,14.5,1014.4,59.0,2.4,8.5,18.3,87.83333333333331

26.8,33.0,19.0,1008.8,61.0,2.3,3.5,11.1,123.70833333333331

27.1,33.0,19.0,1009.9,61.0,2.6,2.8,13.0,64.79166666666667

26.5,32.8,19.5,1010.5,45.0,2.9,12.2,25.9,62.875

29.8,36.2,18.2,1012.7,52.0,2.4,3.3,7.6,52.04166666666666

24.7,36.6,19.7,1012.8,66.0,2.4,9.4,14.8,128.33333333333334

26.2,32.0,19.5,1012.5,56.0,3.1,9.1,14.8,87.58333333333331

29.9,37.0,19.5,1008.3,39.0,2.7,4.4,9.4,23.20833333333333

30.4,37.5,21.6,1006.3,41.0,2.6,12.0,27.8,15.166666666666664

32.3,39.0,21.5,1007.3,39.0,3.4,5.4,13.0,21.25

33.4,39.1,24.8,1008.0,47.0,2.1,2.6,7.6,25.75

29.5,36.9,21.5,1007.2,41.0,2.3,11.3,16.5,105.33333333333331

29.3,36.0,18.8,1008.8,37.0,3.2,4.8,11.1,117.75

30.9,37.0,19.0,1008.9,33.0,2.6,6.9,14.8,20.791666666666668

31.6,38.0,23.2,1002.6,30.0,3.1,18.7,35.2,46.91666666666666

33.1,39.0,24.0,1003.0,26.0,2.6,10.4,24.1,104.625

33.6,40.0,23.0,1003.8,27.0,2.4,9.8,18.3,109.625

34.0,40.6,26.3,1005.5,29.0,2.6,13.9,22.2,0.0

33.9,39.6,25.8,1002.7,28.0,2.7,15.7,29.4,30.875

33.3,39.4,24.8,1000.7,28.0,3.1,8.3,18.3,75.58333333333333

33.4,40.0,21.2,1006.3,27.0,2.6,3.7,14.8,0.0

33.2,40.3,22.2,1005.1,29.0,2.3,5.0,14.8,0.0

34.0,40.7,22.2,1004.6,24.0,2.4,11.9,22.2,0.0

34.7,41.5,22.0,1001.7,24.0,2.3,8.5,16.5,142.5

38.0,44.0,23.8,1001.1,20.0,2.6,9.6,29.4,133.375

35.4,44.0,28.0,1003.2,35.0,2.7,6.5,18.3,102.41666666666669

33.2,38.0,25.0,1004.6,41.0,2.7,4.6,9.4,158.29166666666666

35.1,39.2,25.3,1005.1,40.0,2.4,7.2,11.1,149.58333333333334

33.8,39.8,27.6,1005.5,44.0,2.4,9.8,16.5,107.29166666666669

37.1,42.0,27.5,1000.7,30.0,2.9,8.3,18.3,106.5

36.5,43.0,27.0,1001.8,35.0,2.6,4.1,22.2,128.125

37.3,42.4,27.4,1002.4,32.0,2.6,4.8,14.8,108.0

37.3,43.7,28.6,997.4,44.0,2.6,9.4,22.2,98.41666666666669

37.3,42.8,31.2,996.2,49.0,2.6,8.3,14.8,94.375

36.2,41.5,30.7,995.3,50.0,2.9,10.9,18.3,118.5

32.9,39.0,27.4,996.6,50.0,2.4,9.4,27.8,110.41666666666669

34.6,39.0,26.0,998.4,49.0,2.4,6.7,16.5,95.83333333333331

37.4,41.0,30.6,998.8,31.0,1.9,14.1,27.8,93.5

32.7,37.5,24.7,1002.3,55.0,2.4,7.4,18.3,38.66666666666666

36.0,40.0,26.6,1001.7,46.0,3.1,9.1,22.2,45.375

37.7,42.0,30.7,1000.9,37.0,2.6,11.9,22.2,65.16666666666667

37.6,43.0,28.7,1001.2,42.0,2.4,2.8,11.1,67.08333333333333

34.6,40.3,28.7,1001.1,51.0,2.7,10.2,25.9,77.66666666666667

35.9,41.0,28.6,998.6,50.0,2.6,8.5,18.3,70.25

35.7,41.2,30.0,997.6,48.0,2.3,9.3,27.8,75.125

36.0,41.0,27.6,997.7,46.0,2.4,12.8,25.9,77.0

32.6,40.7,26.0,996.9,59.0,2.6,11.9,29.4,32.958333333333336

34.7,38.0,30.5,995.4,55.0,2.4,10.4,18.3,40.833333333333336

35.6,40.0,30.0,1000.7,57.0,3.1,9.4,25.9,90.70833333333331

31.1,40.1,26.0,999.8,74.0,2.4,7.6,14.8,97.29166666666669

32.9,38.6,27.0,999.7,64.0,2.4,8.9,16.5,79.83333333333333

35.5,39.9,31.2,999.7,60.0,2.4,9.8,18.3,40.375

34.9,39.6,29.6,999.6,61.0,2.4,7.8,14.8,49.41666666666666

34.4,39.4,26.0,998.3,63.0,2.3,8.0,14.8,43.66666666666666

32.2,39.8,25.4,995.4,73.0,2.3,8.3,14.8,0.0

28.4,36.6,24.4,998.1,82.0,2.4,5.2,9.4,29.66666666666667

29.6,32.0,25.7,997.6,80.0,2.3,2.0,7.6,47.75

33.6,36.7,28.8,996.7,66.0,5.8,5.9,11.1,43.66666666666666

30.7,36.9,28.8,996.8,78.0,2.3,5.4,27.8,29.83333333333333

33.3,37.0,27.8,996.2,68.0,2.6,6.7,11.1,29.66666666666667

31.1,34.2,27.8,997.8,78.0,2.6,6.9,24.1,37.625

30.4,35.4,26.7,997.8,82.0,2.1,5.2,14.8,41.458333333333336

31.0,35.2,26.0,997.9,80.0,2.4,7.2,18.3,53.125

32.4,35.2,26.2,999.0,72.0,2.9,13.5,25.9,36.0

34.1,37.0,28.5,998.5,63.0,3.2,13.0,22.2,70.58333333333333

34.1,37.2,29.0,998.4,61.0,2.6,11.5,22.2,52.45833333333334

31.9,35.0,28.3,1001.3,72.0,2.1,2.8,9.4,38.25

30.3,35.0,27.6,1002.6,83.0,2.3,6.5,16.5,26.58333333333333

28.3,35.8,26.8,1003.9,89.0,1.6,4.3,11.1,57.58333333333334

29.2,31.0,26.0,1000.0,85.0,1.8,4.6,13.0,41.375

29.1,32.6,26.4,998.6,85.0,1.8,5.9,13.0,25.54166666666667

30.9,35.0,26.0,997.4,73.0,2.6,6.5,11.1,28.375

32.6,36.0,26.2,997.8,66.0,3.4,5.6,9.4,40.333333333333336

33.3,36.0,26.4,999.7,67.0,3.2,7.8,18.3,35.375

33.4,36.5,28.6,999.9,66.0,2.9,9.8,16.5,31.91666666666667

31.2,36.7,28.0,997.8,75.0,2.7,9.1,14.8,36.79166666666666

29.9,34.0,25.5,1000.2,80.0,1.4,3.3,11.1,26.83333333333333

29.0,33.7,26.0,999.1,85.0,2.1,6.5,22.2,21.125

31.3,34.5,27.0,997.6,71.0,3.2,12.2,22.2,18.0

31.7,34.0,26.4,999.0,71.0,2.6,2.0,11.1,43.58333333333334

32.6,36.0,27.6,999.6,70.0,2.7,10.6,20.6,46.04166666666666

31.2,35.9,26.1,1000.4,71.0,3.2,8.7,18.3,28.75

31.0,35.0,26.8,1004.1,76.0,2.6,6.1,14.8,64.91666666666667

30.8,35.2,26.8,1005.0,76.0,2.7,3.7,18.3,30.66666666666667

27.3,33.3,24.0,1002.4,89.0,2.1,7.8,27.8,33.166666666666664

27.8,31.0,25.2,1001.3,88.0,2.4,4.6,7.6,30.625

30.7,34.0,25.5,1000.1,73.0,2.6,13.7,22.2,30.33333333333333

30.7,34.0,25.0,1000.5,65.0,3.4,12.0,27.8,31.75

31.1,35.0,25.0,1003.1,64.0,3.2,10.4,18.3,0.0

31.3,35.0,26.0,1004.6,63.0,3.2,11.5,18.3,0.0

31.4,36.0,26.7,1006.7,65.0,3.1,8.3,13.0,83.45833333333333

30.4,35.6,25.7,1006.5,72.0,2.9,4.3,14.8,71.66666666666667

31.7,37.1,26.0,1003.2,63.0,2.9,1.7,5.4,62.375

32.5,37.2,25.3,1003.0,59.0,3.1,1.7,7.6,24.875

32.6,37.4,27.0,1005.8,63.0,2.6,6.3,13.0,37.333333333333336

30.7,34.8,25.6,1004.5,66.0,2.6,3.3,11.1,41.5

31.4,35.2,26.0,1005.8,62.0,3.1,2.0,7.6,48.91666666666666

31.9,36.0,26.5,1007.2,66.0,2.3,2.4,7.6,26.66666666666667

32.4,36.4,27.5,1007.8,65.0,3.1,3.5,11.1,29.0

30.3,35.0,24.7,1007.3,62.0,2.3,7.6,18.3,60.54166666666666

29.9,35.0,23.0,1006.3,60.0,2.6,6.7,24.1,41.583333333333336

30.0,36.0,22.5,1004.9,63.0,2.6,3.0,7.6,50.91666666666666

28.6,35.0,19.8,1008.2,49.0,3.7,11.5,22.2,82.83333333333333

28.3,35.2,19.0,1009.4,53.0,3.4,9.1,35.9,95.25

26.8,35.2,17.5,1010.4,57.0,2.6,5.7,13.0,115.83333333333331

27.6,35.0,17.6,1007.6,53.0,3.1,5.9,13.0,136.70833333333334

27.7,35.0,18.6,1006.9,52.0,3.1,7.8,28.7,160.66666666666666

27.3,35.0,19.0,1007.8,55.0,3.2,7.2,27.8,173.58333333333337

27.2,34.5,19.5,1009.0,58.0,3.1,11.1,25.9,261.6666666666667

26.4,33.0,18.4,1012.4,60.0,2.6,4.6,14.8,272.4166666666667

25.4,33.4,16.5,1014.3,62.0,1.6,5.0,14.8,226.29166666666663

23.7,31.7,15.5,1017.7,69.0,1.0,1.3,5.4,99.70833333333331

23.4,31.1,14.2,1016.0,60.0,1.1,3.0,7.6,217.375

22.6,30.6,15.8,1015.4,69.0,0.5,1.1,5.4,309.375

23.9,32.0,14.5,1015.6,63.0,1.0,2.0,5.4,166.91666666666666

23.2,30.2,14.0,1012.6,55.0,1.1,7.4,18.3,278.0

22.5,29.5,15.6,1013.3,56.0,1.1,11.7,22.2,192.33333333333331

21.7,30.0,12.2,1014.5,52.0,1.1,6.3,16.5,235.33333333333331

22.2,30.2,13.6,1015.6,63.0,1.6,1.5,3.5,221.54166666666663

20.8,29.3,12.1,1016.7,58.0,1.8,3.5,9.4,210.54166666666663

20.7,28.8,10.6,1017.8,56.0,1.8,6.1,16.5,251.20833333333331

20.8,29.0,10.5,1013.9,61.0,1.8,2.6,7.6,194.70833333333331

22.0,31.0,10.7,1013.2,56.0,1.8,2.4,14.8,250.875

21.4,30.6,10.8,1011.9,54.0,2.6,7.8,18.3,274.875

24.2,31.0,16.5,1013.0,36.0,2.9,13.9,22.2,160.0

22.7,30.8,13.6,1012.0,38.0,3.4,11.9,20.6,217.91666666666663

21.4,29.6,12.7,1013.7,40.0,2.6,8.0,20.6,184.20833333333331

19.2,25.9,11.9,1017.0,84.0,0.8,2.6,9.4,176.375

18.9,25.8,11.5,1017.9,77.0,0.6,5.0,13.0,185.95833333333331

19.3,27.0,11.7,1019.6,57.0,1.8,5.2,11.1,195.375

17.8,24.8,11.2,1017.0,74.0,0.6,0.7,7.6,365.29166666666674

15.8,24.3,8.7,1015.8,77.0,0.8,1.7,7.6,312.2083333333333

18.2,27.0,7.7,1013.7,72.0,0.6,1.1,7.6,237.625

19.0,27.1,10.5,1015.1,61.0,1.6,3.3,9.4,202.875

18.0,26.6,10.5,1017.1,61.0,1.9,8.0,14.8,260.1666666666667

17.2,24.2,10.0,1017.2,58.0,1.6,9.3,22.2,403.95833333333326

16.3,23.0,6.6,1016.9,61.0,1.0,9.4,20.6,284.1666666666667

18.1,24.0,11.2,1015.4,56.0,1.8,15.9,25.9,288.4166666666667

17.8,25.0,10.7,1015.8,54.0,2.3,9.4,22.2,256.8333333333333

13.9,24.5,11.4,1015.0,95.0,0.6,8.7,14.8,169.0

16.3,23.0,9.8,1016.9,78.0,1.1,7.4,16.5,186.04166666666663

16.3,23.4,9.0,1017.3,68.0,1.3,7.8,18.3,185.58333333333331

